		<cidl:SensoryDeviceCapability xsi:type="dcdv:LightCapabilityType" 
			id="ledStripLeftPart" unit="urn:mpeg:mpeg-v:01-CI-UnitTypeCS-NS:lux" zerothOrderDelayTime="100" firstOrderDelayTime="50"
			maxIntensity="400" numOfLightLevels="255" locator="urn:mpeg:mpeg-v:01-SI-LocationCS-NS:left">
				<dcdv:Color>urn:mpeg:mpeg-v:01-SI-ColorCS-NS:alice_blue</dcdv:Color>
				<dcdv:Color>urn:mpeg:mpeg-v:01-SI-ColorCS-NS:alizarin</dcdv:Color>
				<dcdv:Color>urn:mpeg:mpeg-v:01-SI-ColorCS-NS:amaranth</dcdv:Color>
				<dcdv:Color>urn:mpeg:mpeg-v:01-SI-ColorCS-NS:amaranth_pink</dcdv:Color>
				<dcdv:Color>urn:mpeg:mpeg-v:01-SI-ColorCS-NS:amber</dcdv:Color>
				<dcdv:Color>urn:mpeg:mpeg-v:01-SI-ColorCS-NS:amethyst</dcdv:Color>
				<dcdv:Color>urn:mpeg:mpeg-v:01-SI-ColorCS-NS:apricot</dcdv:Color>
				<dcdv:Color>urn:mpeg:mpeg-v:01-SI-ColorCS-NS:aqua</dcdv:Color>
				<dcdv:Color>urn:mpeg:mpeg-v:01-SI-ColorCS-NS:aquamarine</dcdv:Color>
				<dcdv:Color>urn:mpeg:mpeg-v:01-SI-ColorCS-NS:army_green</dcdv:Color>
				<dcdv:Color>urn:mpeg:mpeg-v:01-SI-ColorCS-NS:asparagus</dcdv:Color>
				<dcdv:Color>urn:mpeg:mpeg-v:01-SI-ColorCS-NS:atomic_tangerine</dcdv:Color>
				<dcdv:Color>urn:mpeg:mpeg-v:01-SI-ColorCS-NS:auburn</dcdv:Color>
				<dcdv:Color>urn:mpeg:mpeg-v:01-SI-ColorCS-NS:azure_color_wheel</dcdv:Color>
				<dcdv:Color>urn:mpeg:mpeg-v:01-SI-ColorCS-NS:azure_web</dcdv:Color>
				<dcdv:Color>urn:mpeg:mpeg-v:01-SI-ColorCS-NS:baby_blue</dcdv:Color>
				<dcdv:Color>urn:mpeg:mpeg-v:01-SI-ColorCS-NS:beige</dcdv:Color>
				<dcdv:Color>urn:mpeg:mpeg-v:01-SI-ColorCS-NS:bistre</dcdv:Color>
				<dcdv:Color>urn:mpeg:mpeg-v:01-SI-ColorCS-NS:black</dcdv:Color>
				<dcdv:Color>urn:mpeg:mpeg-v:01-SI-ColorCS-NS:blue</dcdv:Color>
				<dcdv:Color>urn:mpeg:mpeg-v:01-SI-ColorCS-NS:blue_pigment</dcdv:Color>
				<dcdv:Color>urn:mpeg:mpeg-v:01-SI-ColorCS-NS:blue_ryb</dcdv:Color>
				<dcdv:Color>urn:mpeg:mpeg-v:01-SI-ColorCS-NS:blue-green</dcdv:Color>
				<dcdv:Color>urn:mpeg:mpeg-v:01-SI-ColorCS-NS:blue-violet</dcdv:Color>
				<dcdv:Color>urn:mpeg:mpeg-v:01-SI-ColorCS-NS:bondi_blue</dcdv:Color>
				<dcdv:Color>urn:mpeg:mpeg-v:01-SI-ColorCS-NS:brass</dcdv:Color>
				<dcdv:Color>urn:mpeg:mpeg-v:01-SI-ColorCS-NS:bright_green</dcdv:Color>
				<dcdv:Color>urn:mpeg:mpeg-v:01-SI-ColorCS-NS:bright_pink</dcdv:Color>
				<dcdv:Color>urn:mpeg:mpeg-v:01-SI-ColorCS-NS:bright_turquoise</dcdv:Color>
				<dcdv:Color>urn:mpeg:mpeg-v:01-SI-ColorCS-NS:brilliant_rose</dcdv:Color>
				<dcdv:Color>urn:mpeg:mpeg-v:01-SI-ColorCS-NS:brink_pink</dcdv:Color>
				<dcdv:Color>urn:mpeg:mpeg-v:01-SI-ColorCS-NS:bronze</dcdv:Color>
				<dcdv:Color>urn:mpeg:mpeg-v:01-SI-ColorCS-NS:brown</dcdv:Color>
				<dcdv:Color>urn:mpeg:mpeg-v:01-SI-ColorCS-NS:buff</dcdv:Color>
				<dcdv:Color>urn:mpeg:mpeg-v:01-SI-ColorCS-NS:burgundy</dcdv:Color>
				<dcdv:Color>urn:mpeg:mpeg-v:01-SI-ColorCS-NS:burnt_orange</dcdv:Color>
				<dcdv:Color>urn:mpeg:mpeg-v:01-SI-ColorCS-NS:burnt_sienna</dcdv:Color>
				<dcdv:Color>urn:mpeg:mpeg-v:01-SI-ColorCS-NS:burnt_umber</dcdv:Color>
				<dcdv:Color>urn:mpeg:mpeg-v:01-SI-ColorCS-NS:camouflage_green</dcdv:Color>
				<dcdv:Color>urn:mpeg:mpeg-v:01-SI-ColorCS-NS:caput_mortuum</dcdv:Color>
				<dcdv:Color>urn:mpeg:mpeg-v:01-SI-ColorCS-NS:cardinal</dcdv:Color>
				<dcdv:Color>urn:mpeg:mpeg-v:01-SI-ColorCS-NS:carmine</dcdv:Color>
				<dcdv:Color>urn:mpeg:mpeg-v:01-SI-ColorCS-NS:carmine_pink</dcdv:Color>
				<dcdv:Color>urn:mpeg:mpeg-v:01-SI-ColorCS-NS:carnation_pink</dcdv:Color>
				<dcdv:Color>urn:mpeg:mpeg-v:01-SI-ColorCS-NS:carolina_blue</dcdv:Color>
				<dcdv:Color>urn:mpeg:mpeg-v:01-SI-ColorCS-NS:carrot_orange</dcdv:Color>
				<dcdv:Color>urn:mpeg:mpeg-v:01-SI-ColorCS-NS:celadon</dcdv:Color>
				<dcdv:Color>urn:mpeg:mpeg-v:01-SI-ColorCS-NS:cerise</dcdv:Color>
				<dcdv:Color>urn:mpeg:mpeg-v:01-SI-ColorCS-NS:cerise_pink</dcdv:Color>
				<dcdv:Color>urn:mpeg:mpeg-v:01-SI-ColorCS-NS:cerulean</dcdv:Color>
				<dcdv:Color>urn:mpeg:mpeg-v:01-SI-ColorCS-NS:cerulean_blue</dcdv:Color>
				<dcdv:Color>urn:mpeg:mpeg-v:01-SI-ColorCS-NS:champagne</dcdv:Color>
				<dcdv:Color>urn:mpeg:mpeg-v:01-SI-ColorCS-NS:charcoal</dcdv:Color>
				<dcdv:Color>urn:mpeg:mpeg-v:01-SI-ColorCS-NS:chartreuse_traditional</dcdv:Color>
				<dcdv:Color>urn:mpeg:mpeg-v:01-SI-ColorCS-NS:chartreuse_web</dcdv:Color>
				<dcdv:Color>urn:mpeg:mpeg-v:01-SI-ColorCS-NS:cherry_blossom_pink</dcdv:Color>
				<dcdv:Color>urn:mpeg:mpeg-v:01-SI-ColorCS-NS:chestnut</dcdv:Color>
				<dcdv:Color>urn:mpeg:mpeg-v:01-SI-ColorCS-NS:chocolate</dcdv:Color>
				<dcdv:Color>urn:mpeg:mpeg-v:01-SI-ColorCS-NS:cinnabar</dcdv:Color>
				<dcdv:Color>urn:mpeg:mpeg-v:01-SI-ColorCS-NS:cinnamon</dcdv:Color>
				<dcdv:Color>urn:mpeg:mpeg-v:01-SI-ColorCS-NS:cobalt</dcdv:Color>
				<dcdv:Color>urn:mpeg:mpeg-v:01-SI-ColorCS-NS:columbia_blue</dcdv:Color>
				<dcdv:Color>urn:mpeg:mpeg-v:01-SI-ColorCS-NS:copper</dcdv:Color>
				<dcdv:Color>urn:mpeg:mpeg-v:01-SI-ColorCS-NS:copper_rose</dcdv:Color>
				<dcdv:Color>urn:mpeg:mpeg-v:01-SI-ColorCS-NS:coral</dcdv:Color>
				<dcdv:Color>urn:mpeg:mpeg-v:01-SI-ColorCS-NS:coral_pink</dcdv:Color>
				<dcdv:Color>urn:mpeg:mpeg-v:01-SI-ColorCS-NS:coral_red</dcdv:Color>
				<dcdv:Color>urn:mpeg:mpeg-v:01-SI-ColorCS-NS:corn</dcdv:Color>
				<dcdv:Color>urn:mpeg:mpeg-v:01-SI-ColorCS-NS:cornflower_blue</dcdv:Color>
				<dcdv:Color>urn:mpeg:mpeg-v:01-SI-ColorCS-NS:cosmic_latte</dcdv:Color>
				<dcdv:Color>urn:mpeg:mpeg-v:01-SI-ColorCS-NS:cream</dcdv:Color>
				<dcdv:Color>urn:mpeg:mpeg-v:01-SI-ColorCS-NS:crimson</dcdv:Color>
				<dcdv:Color>urn:mpeg:mpeg-v:01-SI-ColorCS-NS:cyan</dcdv:Color>
				<dcdv:Color>urn:mpeg:mpeg-v:01-SI-ColorCS-NS:cyan_process</dcdv:Color>
				<dcdv:Color>urn:mpeg:mpeg-v:01-SI-ColorCS-NS:dark_blue</dcdv:Color>
				<dcdv:Color>urn:mpeg:mpeg-v:01-SI-ColorCS-NS:dark_brown</dcdv:Color>
				<dcdv:Color>urn:mpeg:mpeg-v:01-SI-ColorCS-NS:dark_cerulean</dcdv:Color>
				<dcdv:Color>urn:mpeg:mpeg-v:01-SI-ColorCS-NS:dark_chestnut</dcdv:Color>
				<dcdv:Color>urn:mpeg:mpeg-v:01-SI-ColorCS-NS:dark_coral</dcdv:Color>
				<dcdv:Color>urn:mpeg:mpeg-v:01-SI-ColorCS-NS:dark_goldenrod</dcdv:Color>
				<dcdv:Color>urn:mpeg:mpeg-v:01-SI-ColorCS-NS:dark_green</dcdv:Color>
				<dcdv:Color>urn:mpeg:mpeg-v:01-SI-ColorCS-NS:dark_khaki</dcdv:Color>
				<dcdv:Color>urn:mpeg:mpeg-v:01-SI-ColorCS-NS:dark_magenta</dcdv:Color>
				<dcdv:Color>urn:mpeg:mpeg-v:01-SI-ColorCS-NS:dark_pastel_green</dcdv:Color>
				<dcdv:Color>urn:mpeg:mpeg-v:01-SI-ColorCS-NS:dark_pink</dcdv:Color>
				<dcdv:Color>urn:mpeg:mpeg-v:01-SI-ColorCS-NS:dark_scarlet</dcdv:Color>
				<dcdv:Color>urn:mpeg:mpeg-v:01-SI-ColorCS-NS:dark_salmon</dcdv:Color>
				<dcdv:Color>urn:mpeg:mpeg-v:01-SI-ColorCS-NS:dark_slate_gray</dcdv:Color>
				<dcdv:Color>urn:mpeg:mpeg-v:01-SI-ColorCS-NS:dark_spring_green</dcdv:Color>
				<dcdv:Color>urn:mpeg:mpeg-v:01-SI-ColorCS-NS:dark_tan</dcdv:Color>
				<dcdv:Color>urn:mpeg:mpeg-v:01-SI-ColorCS-NS:dark_turquoise</dcdv:Color>
				<dcdv:Color>urn:mpeg:mpeg-v:01-SI-ColorCS-NS:dark_violet</dcdv:Color>
				<dcdv:Color>urn:mpeg:mpeg-v:01-SI-ColorCS-NS:deep_carmine_pink</dcdv:Color>
				<dcdv:Color>urn:mpeg:mpeg-v:01-SI-ColorCS-NS:deep_cerise</dcdv:Color>
				<dcdv:Color>urn:mpeg:mpeg-v:01-SI-ColorCS-NS:deep_chestnut</dcdv:Color>
				<dcdv:Color>urn:mpeg:mpeg-v:01-SI-ColorCS-NS:deep_fuchsia</dcdv:Color>
				<dcdv:Color>urn:mpeg:mpeg-v:01-SI-ColorCS-NS:deep_lilac</dcdv:Color>
				<dcdv:Color>urn:mpeg:mpeg-v:01-SI-ColorCS-NS:deep_magenta</dcdv:Color>
				<dcdv:Color>urn:mpeg:mpeg-v:01-SI-ColorCS-NS:deep_peach</dcdv:Color>
				<dcdv:Color>urn:mpeg:mpeg-v:01-SI-ColorCS-NS:deep_pink</dcdv:Color>
				<dcdv:Color>urn:mpeg:mpeg-v:01-SI-ColorCS-NS:denim</dcdv:Color>
				<dcdv:Color>urn:mpeg:mpeg-v:01-SI-ColorCS-NS:dodger_blue</dcdv:Color>
				<dcdv:Color>urn:mpeg:mpeg-v:01-SI-ColorCS-NS:ecru</dcdv:Color>
				<dcdv:Color>urn:mpeg:mpeg-v:01-SI-ColorCS-NS:egyptian_blue</dcdv:Color>
				<dcdv:Color>urn:mpeg:mpeg-v:01-SI-ColorCS-NS:electric_blue</dcdv:Color>
				<dcdv:Color>urn:mpeg:mpeg-v:01-SI-ColorCS-NS:electric_green_x11_green</dcdv:Color>
				<dcdv:Color>urn:mpeg:mpeg-v:01-SI-ColorCS-NS:electric_indigo</dcdv:Color>
				<dcdv:Color>urn:mpeg:mpeg-v:01-SI-ColorCS-NS:electric_lime</dcdv:Color>
				<dcdv:Color>urn:mpeg:mpeg-v:01-SI-ColorCS-NS:electric_purple</dcdv:Color>
				<dcdv:Color>urn:mpeg:mpeg-v:01-SI-ColorCS-NS:emerald</dcdv:Color>
				<dcdv:Color>urn:mpeg:mpeg-v:01-SI-ColorCS-NS:eggplant</dcdv:Color>
				<dcdv:Color>urn:mpeg:mpeg-v:01-SI-ColorCS-NS:falu_red</dcdv:Color>
				<dcdv:Color>urn:mpeg:mpeg-v:01-SI-ColorCS-NS:fern_green</dcdv:Color>
				<dcdv:Color>urn:mpeg:mpeg-v:01-SI-ColorCS-NS:firebrick</dcdv:Color>
				<dcdv:Color>urn:mpeg:mpeg-v:01-SI-ColorCS-NS:flax</dcdv:Color>
				<dcdv:Color>urn:mpeg:mpeg-v:01-SI-ColorCS-NS:forest_green</dcdv:Color>
				<dcdv:Color>urn:mpeg:mpeg-v:01-SI-ColorCS-NS:french_rose</dcdv:Color>
				<dcdv:Color>urn:mpeg:mpeg-v:01-SI-ColorCS-NS:fuchsia</dcdv:Color>
				<dcdv:Color>urn:mpeg:mpeg-v:01-SI-ColorCS-NS:fuchsia_pink</dcdv:Color>
				<dcdv:Color>urn:mpeg:mpeg-v:01-SI-ColorCS-NS:gamboge</dcdv:Color>
				<dcdv:Color>urn:mpeg:mpeg-v:01-SI-ColorCS-NS:gold_metallic</dcdv:Color>
				<dcdv:Color>urn:mpeg:mpeg-v:01-SI-ColorCS-NS:gold_web_golden</dcdv:Color>
				<dcdv:Color>urn:mpeg:mpeg-v:01-SI-ColorCS-NS:golden_brown</dcdv:Color>
				<dcdv:Color>urn:mpeg:mpeg-v:01-SI-ColorCS-NS:golden_yellow</dcdv:Color>
				<dcdv:Color>urn:mpeg:mpeg-v:01-SI-ColorCS-NS:goldenrod</dcdv:Color>
				<dcdv:Color>urn:mpeg:mpeg-v:01-SI-ColorCS-NS:grey-asparagus</dcdv:Color>
				<dcdv:Color>urn:mpeg:mpeg-v:01-SI-ColorCS-NS:green_color_wheel_x11_green</dcdv:Color>
				<dcdv:Color>urn:mpeg:mpeg-v:01-SI-ColorCS-NS:green_html/css_green</dcdv:Color>
				<dcdv:Color>urn:mpeg:mpeg-v:01-SI-ColorCS-NS:green_pigment</dcdv:Color>
				<dcdv:Color>urn:mpeg:mpeg-v:01-SI-ColorCS-NS:green_ryb</dcdv:Color>
				<dcdv:Color>urn:mpeg:mpeg-v:01-SI-ColorCS-NS:green-yellow</dcdv:Color>
				<dcdv:Color>urn:mpeg:mpeg-v:01-SI-ColorCS-NS:grey</dcdv:Color>
				<dcdv:Color>urn:mpeg:mpeg-v:01-SI-ColorCS-NS:han_purple</dcdv:Color>
				<dcdv:Color>urn:mpeg:mpeg-v:01-SI-ColorCS-NS:harlequin</dcdv:Color>
				<dcdv:Color>urn:mpeg:mpeg-v:01-SI-ColorCS-NS:heliotrope</dcdv:Color>
				<dcdv:Color>urn:mpeg:mpeg-v:01-SI-ColorCS-NS:hollywood_cerise</dcdv:Color>
				<dcdv:Color>urn:mpeg:mpeg-v:01-SI-ColorCS-NS:hot_magenta</dcdv:Color>
				<dcdv:Color>urn:mpeg:mpeg-v:01-SI-ColorCS-NS:hot_pink</dcdv:Color>
				<dcdv:Color>urn:mpeg:mpeg-v:01-SI-ColorCS-NS:indigo_dye</dcdv:Color>
				<dcdv:Color>urn:mpeg:mpeg-v:01-SI-ColorCS-NS:indigo_web</dcdv:Color>
				<dcdv:Color>urn:mpeg:mpeg-v:01-SI-ColorCS-NS:international_klein_blue</dcdv:Color>
				<dcdv:Color>urn:mpeg:mpeg-v:01-SI-ColorCS-NS:international_orange</dcdv:Color>
				<dcdv:Color>urn:mpeg:mpeg-v:01-SI-ColorCS-NS:islamic_green</dcdv:Color>
				<dcdv:Color>urn:mpeg:mpeg-v:01-SI-ColorCS-NS:ivory</dcdv:Color>
				<dcdv:Color>urn:mpeg:mpeg-v:01-SI-ColorCS-NS:jade</dcdv:Color>
				<dcdv:Color>urn:mpeg:mpeg-v:01-SI-ColorCS-NS:kelly_green</dcdv:Color>
				<dcdv:Color>urn:mpeg:mpeg-v:01-SI-ColorCS-NS:khaki</dcdv:Color>
				<dcdv:Color>urn:mpeg:mpeg-v:01-SI-ColorCS-NS:khaki_x11_light_khaki</dcdv:Color>
				<dcdv:Color>urn:mpeg:mpeg-v:01-SI-ColorCS-NS:lavender_floral</dcdv:Color>
				<dcdv:Color>urn:mpeg:mpeg-v:01-SI-ColorCS-NS:lavender_web</dcdv:Color>
				<dcdv:Color>urn:mpeg:mpeg-v:01-SI-ColorCS-NS:lavender_blue</dcdv:Color>
				<dcdv:Color>urn:mpeg:mpeg-v:01-SI-ColorCS-NS:lavender_blush</dcdv:Color>
				<dcdv:Color>urn:mpeg:mpeg-v:01-SI-ColorCS-NS:lavender_grey</dcdv:Color>
				<dcdv:Color>urn:mpeg:mpeg-v:01-SI-ColorCS-NS:lavender_magenta</dcdv:Color>
				<dcdv:Color>urn:mpeg:mpeg-v:01-SI-ColorCS-NS:lavender_pink</dcdv:Color>
				<dcdv:Color>urn:mpeg:mpeg-v:01-SI-ColorCS-NS:lavender_purple</dcdv:Color>
				<dcdv:Color>urn:mpeg:mpeg-v:01-SI-ColorCS-NS:lavender_rose</dcdv:Color>
				<dcdv:Color>urn:mpeg:mpeg-v:01-SI-ColorCS-NS:lawn_green</dcdv:Color>
				<dcdv:Color>urn:mpeg:mpeg-v:01-SI-ColorCS-NS:lemon</dcdv:Color>
				<dcdv:Color>urn:mpeg:mpeg-v:01-SI-ColorCS-NS:lemon_chiffon</dcdv:Color>
				<dcdv:Color>urn:mpeg:mpeg-v:01-SI-ColorCS-NS:light_blue</dcdv:Color>
				<dcdv:Color>urn:mpeg:mpeg-v:01-SI-ColorCS-NS:light_pink</dcdv:Color>
				<dcdv:Color>urn:mpeg:mpeg-v:01-SI-ColorCS-NS:lilac</dcdv:Color>
				<dcdv:Color>urn:mpeg:mpeg-v:01-SI-ColorCS-NS:lime_color_wheel</dcdv:Color>
				<dcdv:Color>urn:mpeg:mpeg-v:01-SI-ColorCS-NS:lime_web_x11_green</dcdv:Color>
				<dcdv:Color>urn:mpeg:mpeg-v:01-SI-ColorCS-NS:lime_green</dcdv:Color>
				<dcdv:Color>urn:mpeg:mpeg-v:01-SI-ColorCS-NS:linen</dcdv:Color>
				<dcdv:Color>urn:mpeg:mpeg-v:01-SI-ColorCS-NS:magenta</dcdv:Color>
				<dcdv:Color>urn:mpeg:mpeg-v:01-SI-ColorCS-NS:magenta_dye</dcdv:Color>
				<dcdv:Color>urn:mpeg:mpeg-v:01-SI-ColorCS-NS:magenta_process</dcdv:Color>
				<dcdv:Color>urn:mpeg:mpeg-v:01-SI-ColorCS-NS:magic_mint</dcdv:Color>
				<dcdv:Color>urn:mpeg:mpeg-v:01-SI-ColorCS-NS:magnolia</dcdv:Color>
				<dcdv:Color>urn:mpeg:mpeg-v:01-SI-ColorCS-NS:malachite</dcdv:Color>
				<dcdv:Color>urn:mpeg:mpeg-v:01-SI-ColorCS-NS:maroon_html/css</dcdv:Color>
				<dcdv:Color>urn:mpeg:mpeg-v:01-SI-ColorCS-NS:maroon_x11</dcdv:Color>
				<dcdv:Color>urn:mpeg:mpeg-v:01-SI-ColorCS-NS:maya_blue</dcdv:Color>
				<dcdv:Color>urn:mpeg:mpeg-v:01-SI-ColorCS-NS:mauve</dcdv:Color>
				<dcdv:Color>urn:mpeg:mpeg-v:01-SI-ColorCS-NS:mauve_taupe</dcdv:Color>
				<dcdv:Color>urn:mpeg:mpeg-v:01-SI-ColorCS-NS:medium_blue</dcdv:Color>
				<dcdv:Color>urn:mpeg:mpeg-v:01-SI-ColorCS-NS:medium_carmine</dcdv:Color>
				<dcdv:Color>urn:mpeg:mpeg-v:01-SI-ColorCS-NS:medium_lavender_magenta</dcdv:Color>
				<dcdv:Color>urn:mpeg:mpeg-v:01-SI-ColorCS-NS:medium_purple</dcdv:Color>
				<dcdv:Color>urn:mpeg:mpeg-v:01-SI-ColorCS-NS:medium_spring_green</dcdv:Color>
				<dcdv:Color>urn:mpeg:mpeg-v:01-SI-ColorCS-NS:midnight_blue</dcdv:Color>
				<dcdv:Color>urn:mpeg:mpeg-v:01-SI-ColorCS-NS:midnight_green_eagle_green</dcdv:Color>
				<dcdv:Color>urn:mpeg:mpeg-v:01-SI-ColorCS-NS:mint_green</dcdv:Color>
				<dcdv:Color>urn:mpeg:mpeg-v:01-SI-ColorCS-NS:misty_rose</dcdv:Color>
				<dcdv:Color>urn:mpeg:mpeg-v:01-SI-ColorCS-NS:moss_green</dcdv:Color>
				<dcdv:Color>urn:mpeg:mpeg-v:01-SI-ColorCS-NS:mountbatten_pink</dcdv:Color>
				<dcdv:Color>urn:mpeg:mpeg-v:01-SI-ColorCS-NS:mustard</dcdv:Color>
				<dcdv:Color>urn:mpeg:mpeg-v:01-SI-ColorCS-NS:myrtle</dcdv:Color>
				<dcdv:Color>urn:mpeg:mpeg-v:01-SI-ColorCS-NS:navajo_white</dcdv:Color>
				<dcdv:Color>urn:mpeg:mpeg-v:01-SI-ColorCS-NS:navy_blue</dcdv:Color>
				<dcdv:Color>urn:mpeg:mpeg-v:01-SI-ColorCS-NS:ochre</dcdv:Color>
				<dcdv:Color>urn:mpeg:mpeg-v:01-SI-ColorCS-NS:office_green</dcdv:Color>
				<dcdv:Color>urn:mpeg:mpeg-v:01-SI-ColorCS-NS:old_gold</dcdv:Color>
				<dcdv:Color>urn:mpeg:mpeg-v:01-SI-ColorCS-NS:old_lace</dcdv:Color>
				<dcdv:Color>urn:mpeg:mpeg-v:01-SI-ColorCS-NS:old_lavender</dcdv:Color>
				<dcdv:Color>urn:mpeg:mpeg-v:01-SI-ColorCS-NS:old_rose</dcdv:Color>
				<dcdv:Color>urn:mpeg:mpeg-v:01-SI-ColorCS-NS:olive</dcdv:Color>
				<dcdv:Color>urn:mpeg:mpeg-v:01-SI-ColorCS-NS:olive_drab</dcdv:Color>
				<dcdv:Color>urn:mpeg:mpeg-v:01-SI-ColorCS-NS:olivine</dcdv:Color>
				<dcdv:Color>urn:mpeg:mpeg-v:01-SI-ColorCS-NS:orange_color_wheel</dcdv:Color>
				<dcdv:Color>urn:mpeg:mpeg-v:01-SI-ColorCS-NS:orange_ryb</dcdv:Color>
				<dcdv:Color>urn:mpeg:mpeg-v:01-SI-ColorCS-NS:orange_web</dcdv:Color>
				<dcdv:Color>urn:mpeg:mpeg-v:01-SI-ColorCS-NS:orange_peel</dcdv:Color>
				<dcdv:Color>urn:mpeg:mpeg-v:01-SI-ColorCS-NS:orange-red</dcdv:Color>
				<dcdv:Color>urn:mpeg:mpeg-v:01-SI-ColorCS-NS:orchid</dcdv:Color>
				<dcdv:Color>urn:mpeg:mpeg-v:01-SI-ColorCS-NS:pale_blue</dcdv:Color>
				<dcdv:Color>urn:mpeg:mpeg-v:01-SI-ColorCS-NS:pale_brown</dcdv:Color>
				<dcdv:Color>urn:mpeg:mpeg-v:01-SI-ColorCS-NS:pale_carmine</dcdv:Color>
				<dcdv:Color>urn:mpeg:mpeg-v:01-SI-ColorCS-NS:pale_chestnut</dcdv:Color>
				<dcdv:Color>urn:mpeg:mpeg-v:01-SI-ColorCS-NS:pale_cornflower_blue</dcdv:Color>
				<dcdv:Color>urn:mpeg:mpeg-v:01-SI-ColorCS-NS:pale_magenta</dcdv:Color>
				<dcdv:Color>urn:mpeg:mpeg-v:01-SI-ColorCS-NS:pale_pink</dcdv:Color>
				<dcdv:Color>urn:mpeg:mpeg-v:01-SI-ColorCS-NS:pale_red-violet</dcdv:Color>
				<dcdv:Color>urn:mpeg:mpeg-v:01-SI-ColorCS-NS:papaya_whip</dcdv:Color>
				<dcdv:Color>urn:mpeg:mpeg-v:01-SI-ColorCS-NS:pastel_green</dcdv:Color>
				<dcdv:Color>urn:mpeg:mpeg-v:01-SI-ColorCS-NS:pastel_pink</dcdv:Color>
				<dcdv:Color>urn:mpeg:mpeg-v:01-SI-ColorCS-NS:peach</dcdv:Color>
				<dcdv:Color>urn:mpeg:mpeg-v:01-SI-ColorCS-NS:peach-orange</dcdv:Color>
				<dcdv:Color>urn:mpeg:mpeg-v:01-SI-ColorCS-NS:peach-yellow</dcdv:Color>
				<dcdv:Color>urn:mpeg:mpeg-v:01-SI-ColorCS-NS:pear</dcdv:Color>
				<dcdv:Color>urn:mpeg:mpeg-v:01-SI-ColorCS-NS:periwinkle</dcdv:Color>
				<dcdv:Color>urn:mpeg:mpeg-v:01-SI-ColorCS-NS:persian_blue</dcdv:Color>
				<dcdv:Color>urn:mpeg:mpeg-v:01-SI-ColorCS-NS:persian_green</dcdv:Color>
				<dcdv:Color>urn:mpeg:mpeg-v:01-SI-ColorCS-NS:persian_indigo</dcdv:Color>
				<dcdv:Color>urn:mpeg:mpeg-v:01-SI-ColorCS-NS:persian_orange</dcdv:Color>
				<dcdv:Color>urn:mpeg:mpeg-v:01-SI-ColorCS-NS:persian_red</dcdv:Color>
				<dcdv:Color>urn:mpeg:mpeg-v:01-SI-ColorCS-NS:persian_pink</dcdv:Color>
				<dcdv:Color>urn:mpeg:mpeg-v:01-SI-ColorCS-NS:persian_rose</dcdv:Color>
				<dcdv:Color>urn:mpeg:mpeg-v:01-SI-ColorCS-NS:persimmon</dcdv:Color>
				<dcdv:Color>urn:mpeg:mpeg-v:01-SI-ColorCS-NS:pine_green</dcdv:Color>
				<dcdv:Color>urn:mpeg:mpeg-v:01-SI-ColorCS-NS:pink</dcdv:Color>
				<dcdv:Color>urn:mpeg:mpeg-v:01-SI-ColorCS-NS:pink-orange</dcdv:Color>
				<dcdv:Color>urn:mpeg:mpeg-v:01-SI-ColorCS-NS:platinum</dcdv:Color>
				<dcdv:Color>urn:mpeg:mpeg-v:01-SI-ColorCS-NS:plum_web</dcdv:Color>
				<dcdv:Color>urn:mpeg:mpeg-v:01-SI-ColorCS-NS:powder_blue_web</dcdv:Color>
				<dcdv:Color>urn:mpeg:mpeg-v:01-SI-ColorCS-NS:puce</dcdv:Color>
				<dcdv:Color>urn:mpeg:mpeg-v:01-SI-ColorCS-NS:prussian_blue</dcdv:Color>
				<dcdv:Color>urn:mpeg:mpeg-v:01-SI-ColorCS-NS:psychedelic_purple</dcdv:Color>
				<dcdv:Color>urn:mpeg:mpeg-v:01-SI-ColorCS-NS:pumpkin</dcdv:Color>
				<dcdv:Color>urn:mpeg:mpeg-v:01-SI-ColorCS-NS:purple_html/css</dcdv:Color>
				<dcdv:Color>urn:mpeg:mpeg-v:01-SI-ColorCS-NS:purple_x11</dcdv:Color>
				<dcdv:Color>urn:mpeg:mpeg-v:01-SI-ColorCS-NS:purple_taupe</dcdv:Color>
				<dcdv:Color>urn:mpeg:mpeg-v:01-SI-ColorCS-NS:raw_umber</dcdv:Color>
				<dcdv:Color>urn:mpeg:mpeg-v:01-SI-ColorCS-NS:razzmatazz</dcdv:Color>
				<dcdv:Color>urn:mpeg:mpeg-v:01-SI-ColorCS-NS:red</dcdv:Color>
				<dcdv:Color>urn:mpeg:mpeg-v:01-SI-ColorCS-NS:red_pigment</dcdv:Color>
				<dcdv:Color>urn:mpeg:mpeg-v:01-SI-ColorCS-NS:red_ryb</dcdv:Color>
				<dcdv:Color>urn:mpeg:mpeg-v:01-SI-ColorCS-NS:red-violet</dcdv:Color>
				<dcdv:Color>urn:mpeg:mpeg-v:01-SI-ColorCS-NS:rich_carmine</dcdv:Color>
				<dcdv:Color>urn:mpeg:mpeg-v:01-SI-ColorCS-NS:robin_egg_blue</dcdv:Color>
				<dcdv:Color>urn:mpeg:mpeg-v:01-SI-ColorCS-NS:rose</dcdv:Color>
				<dcdv:Color>urn:mpeg:mpeg-v:01-SI-ColorCS-NS:rose_madder</dcdv:Color>
				<dcdv:Color>urn:mpeg:mpeg-v:01-SI-ColorCS-NS:rose_taupe</dcdv:Color>
				<dcdv:Color>urn:mpeg:mpeg-v:01-SI-ColorCS-NS:royal_blue</dcdv:Color>
				<dcdv:Color>urn:mpeg:mpeg-v:01-SI-ColorCS-NS:royal_purple</dcdv:Color>
				<dcdv:Color>urn:mpeg:mpeg-v:01-SI-ColorCS-NS:ruby</dcdv:Color>
				<dcdv:Color>urn:mpeg:mpeg-v:01-SI-ColorCS-NS:russet</dcdv:Color>
				<dcdv:Color>urn:mpeg:mpeg-v:01-SI-ColorCS-NS:rust</dcdv:Color>
				<dcdv:Color>urn:mpeg:mpeg-v:01-SI-ColorCS-NS:safety_orange_blaze_orange</dcdv:Color>
				<dcdv:Color>urn:mpeg:mpeg-v:01-SI-ColorCS-NS:saffron</dcdv:Color>
				<dcdv:Color>urn:mpeg:mpeg-v:01-SI-ColorCS-NS:salmon</dcdv:Color>
				<dcdv:Color>urn:mpeg:mpeg-v:01-SI-ColorCS-NS:sandy_brown</dcdv:Color>
				<dcdv:Color>urn:mpeg:mpeg-v:01-SI-ColorCS-NS:sangria</dcdv:Color>
				<dcdv:Color>urn:mpeg:mpeg-v:01-SI-ColorCS-NS:sapphire</dcdv:Color>
				<dcdv:Color>urn:mpeg:mpeg-v:01-SI-ColorCS-NS:scarlet</dcdv:Color>
				<dcdv:Color>urn:mpeg:mpeg-v:01-SI-ColorCS-NS:school_bus_yellow</dcdv:Color>
				<dcdv:Color>urn:mpeg:mpeg-v:01-SI-ColorCS-NS:sea_green</dcdv:Color>
				<dcdv:Color>urn:mpeg:mpeg-v:01-SI-ColorCS-NS:seashell</dcdv:Color>
				<dcdv:Color>urn:mpeg:mpeg-v:01-SI-ColorCS-NS:selective_yellow</dcdv:Color>
				<dcdv:Color>urn:mpeg:mpeg-v:01-SI-ColorCS-NS:sepia</dcdv:Color>
				<dcdv:Color>urn:mpeg:mpeg-v:01-SI-ColorCS-NS:shamrock_green</dcdv:Color>
				<dcdv:Color>urn:mpeg:mpeg-v:01-SI-ColorCS-NS:shocking_pink</dcdv:Color>
				<dcdv:Color>urn:mpeg:mpeg-v:01-SI-ColorCS-NS:silver</dcdv:Color>
				<dcdv:Color>urn:mpeg:mpeg-v:01-SI-ColorCS-NS:sky_blue</dcdv:Color>
				<dcdv:Color>urn:mpeg:mpeg-v:01-SI-ColorCS-NS:slate_grey</dcdv:Color>
				<dcdv:Color>urn:mpeg:mpeg-v:01-SI-ColorCS-NS:smalt_dark_powder_blue</dcdv:Color>
				<dcdv:Color>urn:mpeg:mpeg-v:01-SI-ColorCS-NS:spring_bud</dcdv:Color>
				<dcdv:Color>urn:mpeg:mpeg-v:01-SI-ColorCS-NS:spring_green</dcdv:Color>
				<dcdv:Color>urn:mpeg:mpeg-v:01-SI-ColorCS-NS:steel_blue</dcdv:Color>
				<dcdv:Color>urn:mpeg:mpeg-v:01-SI-ColorCS-NS:tan</dcdv:Color>
				<dcdv:Color>urn:mpeg:mpeg-v:01-SI-ColorCS-NS:tangerine</dcdv:Color>
				<dcdv:Color>urn:mpeg:mpeg-v:01-SI-ColorCS-NS:tangerine_yellow</dcdv:Color>
				<dcdv:Color>urn:mpeg:mpeg-v:01-SI-ColorCS-NS:taupe</dcdv:Color>
				<dcdv:Color>urn:mpeg:mpeg-v:01-SI-ColorCS-NS:tea_green</dcdv:Color>
				<dcdv:Color>urn:mpeg:mpeg-v:01-SI-ColorCS-NS:tea_rose_orange</dcdv:Color>
				<dcdv:Color>urn:mpeg:mpeg-v:01-SI-ColorCS-NS:tea_rose_rose</dcdv:Color>
				<dcdv:Color>urn:mpeg:mpeg-v:01-SI-ColorCS-NS:teal</dcdv:Color>
				<dcdv:Color>urn:mpeg:mpeg-v:01-SI-ColorCS-NS:tenny_tawny</dcdv:Color>
				<dcdv:Color>urn:mpeg:mpeg-v:01-SI-ColorCS-NS:terra_cotta</dcdv:Color>
				<dcdv:Color>urn:mpeg:mpeg-v:01-SI-ColorCS-NS:thistle</dcdv:Color>
				<dcdv:Color>urn:mpeg:mpeg-v:01-SI-ColorCS-NS:tomato</dcdv:Color>
				<dcdv:Color>urn:mpeg:mpeg-v:01-SI-ColorCS-NS:turquoise</dcdv:Color>
				<dcdv:Color>urn:mpeg:mpeg-v:01-SI-ColorCS-NS:tyrian_purple</dcdv:Color>
				<dcdv:Color>urn:mpeg:mpeg-v:01-SI-ColorCS-NS:ultramarine</dcdv:Color>
				<dcdv:Color>urn:mpeg:mpeg-v:01-SI-ColorCS-NS:ultra_pink</dcdv:Color>
				<dcdv:Color>urn:mpeg:mpeg-v:01-SI-ColorCS-NS:united_nations_blue</dcdv:Color>
				<dcdv:Color>urn:mpeg:mpeg-v:01-SI-ColorCS-NS:vegas_gold</dcdv:Color>
				<dcdv:Color>urn:mpeg:mpeg-v:01-SI-ColorCS-NS:vermilion</dcdv:Color>
				<dcdv:Color>urn:mpeg:mpeg-v:01-SI-ColorCS-NS:violet</dcdv:Color>
				<dcdv:Color>urn:mpeg:mpeg-v:01-SI-ColorCS-NS:violet_web</dcdv:Color>
				<dcdv:Color>urn:mpeg:mpeg-v:01-SI-ColorCS-NS:violet_ryb</dcdv:Color>
				<dcdv:Color>urn:mpeg:mpeg-v:01-SI-ColorCS-NS:viridian</dcdv:Color>
				<dcdv:Color>urn:mpeg:mpeg-v:01-SI-ColorCS-NS:wheat</dcdv:Color>
				<dcdv:Color>urn:mpeg:mpeg-v:01-SI-ColorCS-NS:white</dcdv:Color>
				<dcdv:Color>urn:mpeg:mpeg-v:01-SI-ColorCS-NS:wisteria</dcdv:Color>
				<dcdv:Color>urn:mpeg:mpeg-v:01-SI-ColorCS-NS:yellow</dcdv:Color>
				<dcdv:Color>urn:mpeg:mpeg-v:01-SI-ColorCS-NS:yellow_process</dcdv:Color>
				<dcdv:Color>urn:mpeg:mpeg-v:01-SI-ColorCS-NS:yellow_ryb</dcdv:Color>
				<dcdv:Color>urn:mpeg:mpeg-v:01-SI-ColorCS-NS:yellow-green</dcdv:Color>
		</cidl:SensoryDeviceCapability>
		
		<cidl:SensoryDeviceCapability xsi:type="dcdv:LightCapabilityType" 
			id="ledStripCenterPart" unit="urn:mpeg:mpeg-v:01-CI-UnitTypeCS-NS:lux" zerothOrderDelayTime="100" firstOrderDelayTime="50"
			maxIntensity="400" numOfLightLevels="255" locator="urn:mpeg:mpeg-v:01-SI-LocationCS-NS:center">
				<dcdv:Color>urn:mpeg:mpeg-v:01-SI-ColorCS-NS:alice_blue</dcdv:Color>
				<dcdv:Color>urn:mpeg:mpeg-v:01-SI-ColorCS-NS:alizarin</dcdv:Color>
				<dcdv:Color>urn:mpeg:mpeg-v:01-SI-ColorCS-NS:amaranth</dcdv:Color>
				<dcdv:Color>urn:mpeg:mpeg-v:01-SI-ColorCS-NS:amaranth_pink</dcdv:Color>
				<dcdv:Color>urn:mpeg:mpeg-v:01-SI-ColorCS-NS:amber</dcdv:Color>
				<dcdv:Color>urn:mpeg:mpeg-v:01-SI-ColorCS-NS:amethyst</dcdv:Color>
				<dcdv:Color>urn:mpeg:mpeg-v:01-SI-ColorCS-NS:apricot</dcdv:Color>
				<dcdv:Color>urn:mpeg:mpeg-v:01-SI-ColorCS-NS:aqua</dcdv:Color>
				<dcdv:Color>urn:mpeg:mpeg-v:01-SI-ColorCS-NS:aquamarine</dcdv:Color>
				<dcdv:Color>urn:mpeg:mpeg-v:01-SI-ColorCS-NS:army_green</dcdv:Color>
				<dcdv:Color>urn:mpeg:mpeg-v:01-SI-ColorCS-NS:asparagus</dcdv:Color>
				<dcdv:Color>urn:mpeg:mpeg-v:01-SI-ColorCS-NS:atomic_tangerine</dcdv:Color>
				<dcdv:Color>urn:mpeg:mpeg-v:01-SI-ColorCS-NS:auburn</dcdv:Color>
				<dcdv:Color>urn:mpeg:mpeg-v:01-SI-ColorCS-NS:azure_color_wheel</dcdv:Color>
				<dcdv:Color>urn:mpeg:mpeg-v:01-SI-ColorCS-NS:azure_web</dcdv:Color>
				<dcdv:Color>urn:mpeg:mpeg-v:01-SI-ColorCS-NS:baby_blue</dcdv:Color>
				<dcdv:Color>urn:mpeg:mpeg-v:01-SI-ColorCS-NS:beige</dcdv:Color>
				<dcdv:Color>urn:mpeg:mpeg-v:01-SI-ColorCS-NS:bistre</dcdv:Color>
				<dcdv:Color>urn:mpeg:mpeg-v:01-SI-ColorCS-NS:black</dcdv:Color>
				<dcdv:Color>urn:mpeg:mpeg-v:01-SI-ColorCS-NS:blue</dcdv:Color>
				<dcdv:Color>urn:mpeg:mpeg-v:01-SI-ColorCS-NS:blue_pigment</dcdv:Color>
				<dcdv:Color>urn:mpeg:mpeg-v:01-SI-ColorCS-NS:blue_ryb</dcdv:Color>
				<dcdv:Color>urn:mpeg:mpeg-v:01-SI-ColorCS-NS:blue-green</dcdv:Color>
				<dcdv:Color>urn:mpeg:mpeg-v:01-SI-ColorCS-NS:blue-violet</dcdv:Color>
				<dcdv:Color>urn:mpeg:mpeg-v:01-SI-ColorCS-NS:bondi_blue</dcdv:Color>
				<dcdv:Color>urn:mpeg:mpeg-v:01-SI-ColorCS-NS:brass</dcdv:Color>
				<dcdv:Color>urn:mpeg:mpeg-v:01-SI-ColorCS-NS:bright_green</dcdv:Color>
				<dcdv:Color>urn:mpeg:mpeg-v:01-SI-ColorCS-NS:bright_pink</dcdv:Color>
				<dcdv:Color>urn:mpeg:mpeg-v:01-SI-ColorCS-NS:bright_turquoise</dcdv:Color>
				<dcdv:Color>urn:mpeg:mpeg-v:01-SI-ColorCS-NS:brilliant_rose</dcdv:Color>
				<dcdv:Color>urn:mpeg:mpeg-v:01-SI-ColorCS-NS:brink_pink</dcdv:Color>
				<dcdv:Color>urn:mpeg:mpeg-v:01-SI-ColorCS-NS:bronze</dcdv:Color>
				<dcdv:Color>urn:mpeg:mpeg-v:01-SI-ColorCS-NS:brown</dcdv:Color>
				<dcdv:Color>urn:mpeg:mpeg-v:01-SI-ColorCS-NS:buff</dcdv:Color>
				<dcdv:Color>urn:mpeg:mpeg-v:01-SI-ColorCS-NS:burgundy</dcdv:Color>
				<dcdv:Color>urn:mpeg:mpeg-v:01-SI-ColorCS-NS:burnt_orange</dcdv:Color>
				<dcdv:Color>urn:mpeg:mpeg-v:01-SI-ColorCS-NS:burnt_sienna</dcdv:Color>
				<dcdv:Color>urn:mpeg:mpeg-v:01-SI-ColorCS-NS:burnt_umber</dcdv:Color>
				<dcdv:Color>urn:mpeg:mpeg-v:01-SI-ColorCS-NS:camouflage_green</dcdv:Color>
				<dcdv:Color>urn:mpeg:mpeg-v:01-SI-ColorCS-NS:caput_mortuum</dcdv:Color>
				<dcdv:Color>urn:mpeg:mpeg-v:01-SI-ColorCS-NS:cardinal</dcdv:Color>
				<dcdv:Color>urn:mpeg:mpeg-v:01-SI-ColorCS-NS:carmine</dcdv:Color>
				<dcdv:Color>urn:mpeg:mpeg-v:01-SI-ColorCS-NS:carmine_pink</dcdv:Color>
				<dcdv:Color>urn:mpeg:mpeg-v:01-SI-ColorCS-NS:carnation_pink</dcdv:Color>
				<dcdv:Color>urn:mpeg:mpeg-v:01-SI-ColorCS-NS:carolina_blue</dcdv:Color>
				<dcdv:Color>urn:mpeg:mpeg-v:01-SI-ColorCS-NS:carrot_orange</dcdv:Color>
				<dcdv:Color>urn:mpeg:mpeg-v:01-SI-ColorCS-NS:celadon</dcdv:Color>
				<dcdv:Color>urn:mpeg:mpeg-v:01-SI-ColorCS-NS:cerise</dcdv:Color>
				<dcdv:Color>urn:mpeg:mpeg-v:01-SI-ColorCS-NS:cerise_pink</dcdv:Color>
				<dcdv:Color>urn:mpeg:mpeg-v:01-SI-ColorCS-NS:cerulean</dcdv:Color>
				<dcdv:Color>urn:mpeg:mpeg-v:01-SI-ColorCS-NS:cerulean_blue</dcdv:Color>
				<dcdv:Color>urn:mpeg:mpeg-v:01-SI-ColorCS-NS:champagne</dcdv:Color>
				<dcdv:Color>urn:mpeg:mpeg-v:01-SI-ColorCS-NS:charcoal</dcdv:Color>
				<dcdv:Color>urn:mpeg:mpeg-v:01-SI-ColorCS-NS:chartreuse_traditional</dcdv:Color>
				<dcdv:Color>urn:mpeg:mpeg-v:01-SI-ColorCS-NS:chartreuse_web</dcdv:Color>
				<dcdv:Color>urn:mpeg:mpeg-v:01-SI-ColorCS-NS:cherry_blossom_pink</dcdv:Color>
				<dcdv:Color>urn:mpeg:mpeg-v:01-SI-ColorCS-NS:chestnut</dcdv:Color>
				<dcdv:Color>urn:mpeg:mpeg-v:01-SI-ColorCS-NS:chocolate</dcdv:Color>
				<dcdv:Color>urn:mpeg:mpeg-v:01-SI-ColorCS-NS:cinnabar</dcdv:Color>
				<dcdv:Color>urn:mpeg:mpeg-v:01-SI-ColorCS-NS:cinnamon</dcdv:Color>
				<dcdv:Color>urn:mpeg:mpeg-v:01-SI-ColorCS-NS:cobalt</dcdv:Color>
				<dcdv:Color>urn:mpeg:mpeg-v:01-SI-ColorCS-NS:columbia_blue</dcdv:Color>
				<dcdv:Color>urn:mpeg:mpeg-v:01-SI-ColorCS-NS:copper</dcdv:Color>
				<dcdv:Color>urn:mpeg:mpeg-v:01-SI-ColorCS-NS:copper_rose</dcdv:Color>
				<dcdv:Color>urn:mpeg:mpeg-v:01-SI-ColorCS-NS:coral</dcdv:Color>
				<dcdv:Color>urn:mpeg:mpeg-v:01-SI-ColorCS-NS:coral_pink</dcdv:Color>
				<dcdv:Color>urn:mpeg:mpeg-v:01-SI-ColorCS-NS:coral_red</dcdv:Color>
				<dcdv:Color>urn:mpeg:mpeg-v:01-SI-ColorCS-NS:corn</dcdv:Color>
				<dcdv:Color>urn:mpeg:mpeg-v:01-SI-ColorCS-NS:cornflower_blue</dcdv:Color>
				<dcdv:Color>urn:mpeg:mpeg-v:01-SI-ColorCS-NS:cosmic_latte</dcdv:Color>
				<dcdv:Color>urn:mpeg:mpeg-v:01-SI-ColorCS-NS:cream</dcdv:Color>
				<dcdv:Color>urn:mpeg:mpeg-v:01-SI-ColorCS-NS:crimson</dcdv:Color>
				<dcdv:Color>urn:mpeg:mpeg-v:01-SI-ColorCS-NS:cyan</dcdv:Color>
				<dcdv:Color>urn:mpeg:mpeg-v:01-SI-ColorCS-NS:cyan_process</dcdv:Color>
				<dcdv:Color>urn:mpeg:mpeg-v:01-SI-ColorCS-NS:dark_blue</dcdv:Color>
				<dcdv:Color>urn:mpeg:mpeg-v:01-SI-ColorCS-NS:dark_brown</dcdv:Color>
				<dcdv:Color>urn:mpeg:mpeg-v:01-SI-ColorCS-NS:dark_cerulean</dcdv:Color>
				<dcdv:Color>urn:mpeg:mpeg-v:01-SI-ColorCS-NS:dark_chestnut</dcdv:Color>
				<dcdv:Color>urn:mpeg:mpeg-v:01-SI-ColorCS-NS:dark_coral</dcdv:Color>
				<dcdv:Color>urn:mpeg:mpeg-v:01-SI-ColorCS-NS:dark_goldenrod</dcdv:Color>
				<dcdv:Color>urn:mpeg:mpeg-v:01-SI-ColorCS-NS:dark_green</dcdv:Color>
				<dcdv:Color>urn:mpeg:mpeg-v:01-SI-ColorCS-NS:dark_khaki</dcdv:Color>
				<dcdv:Color>urn:mpeg:mpeg-v:01-SI-ColorCS-NS:dark_magenta</dcdv:Color>
				<dcdv:Color>urn:mpeg:mpeg-v:01-SI-ColorCS-NS:dark_pastel_green</dcdv:Color>
				<dcdv:Color>urn:mpeg:mpeg-v:01-SI-ColorCS-NS:dark_pink</dcdv:Color>
				<dcdv:Color>urn:mpeg:mpeg-v:01-SI-ColorCS-NS:dark_scarlet</dcdv:Color>
				<dcdv:Color>urn:mpeg:mpeg-v:01-SI-ColorCS-NS:dark_salmon</dcdv:Color>
				<dcdv:Color>urn:mpeg:mpeg-v:01-SI-ColorCS-NS:dark_slate_gray</dcdv:Color>
				<dcdv:Color>urn:mpeg:mpeg-v:01-SI-ColorCS-NS:dark_spring_green</dcdv:Color>
				<dcdv:Color>urn:mpeg:mpeg-v:01-SI-ColorCS-NS:dark_tan</dcdv:Color>
				<dcdv:Color>urn:mpeg:mpeg-v:01-SI-ColorCS-NS:dark_turquoise</dcdv:Color>
				<dcdv:Color>urn:mpeg:mpeg-v:01-SI-ColorCS-NS:dark_violet</dcdv:Color>
				<dcdv:Color>urn:mpeg:mpeg-v:01-SI-ColorCS-NS:deep_carmine_pink</dcdv:Color>
				<dcdv:Color>urn:mpeg:mpeg-v:01-SI-ColorCS-NS:deep_cerise</dcdv:Color>
				<dcdv:Color>urn:mpeg:mpeg-v:01-SI-ColorCS-NS:deep_chestnut</dcdv:Color>
				<dcdv:Color>urn:mpeg:mpeg-v:01-SI-ColorCS-NS:deep_fuchsia</dcdv:Color>
				<dcdv:Color>urn:mpeg:mpeg-v:01-SI-ColorCS-NS:deep_lilac</dcdv:Color>
				<dcdv:Color>urn:mpeg:mpeg-v:01-SI-ColorCS-NS:deep_magenta</dcdv:Color>
				<dcdv:Color>urn:mpeg:mpeg-v:01-SI-ColorCS-NS:deep_peach</dcdv:Color>
				<dcdv:Color>urn:mpeg:mpeg-v:01-SI-ColorCS-NS:deep_pink</dcdv:Color>
				<dcdv:Color>urn:mpeg:mpeg-v:01-SI-ColorCS-NS:denim</dcdv:Color>
				<dcdv:Color>urn:mpeg:mpeg-v:01-SI-ColorCS-NS:dodger_blue</dcdv:Color>
				<dcdv:Color>urn:mpeg:mpeg-v:01-SI-ColorCS-NS:ecru</dcdv:Color>
				<dcdv:Color>urn:mpeg:mpeg-v:01-SI-ColorCS-NS:egyptian_blue</dcdv:Color>
				<dcdv:Color>urn:mpeg:mpeg-v:01-SI-ColorCS-NS:electric_blue</dcdv:Color>
				<dcdv:Color>urn:mpeg:mpeg-v:01-SI-ColorCS-NS:electric_green_x11_green</dcdv:Color>
				<dcdv:Color>urn:mpeg:mpeg-v:01-SI-ColorCS-NS:electric_indigo</dcdv:Color>
				<dcdv:Color>urn:mpeg:mpeg-v:01-SI-ColorCS-NS:electric_lime</dcdv:Color>
				<dcdv:Color>urn:mpeg:mpeg-v:01-SI-ColorCS-NS:electric_purple</dcdv:Color>
				<dcdv:Color>urn:mpeg:mpeg-v:01-SI-ColorCS-NS:emerald</dcdv:Color>
				<dcdv:Color>urn:mpeg:mpeg-v:01-SI-ColorCS-NS:eggplant</dcdv:Color>
				<dcdv:Color>urn:mpeg:mpeg-v:01-SI-ColorCS-NS:falu_red</dcdv:Color>
				<dcdv:Color>urn:mpeg:mpeg-v:01-SI-ColorCS-NS:fern_green</dcdv:Color>
				<dcdv:Color>urn:mpeg:mpeg-v:01-SI-ColorCS-NS:firebrick</dcdv:Color>
				<dcdv:Color>urn:mpeg:mpeg-v:01-SI-ColorCS-NS:flax</dcdv:Color>
				<dcdv:Color>urn:mpeg:mpeg-v:01-SI-ColorCS-NS:forest_green</dcdv:Color>
				<dcdv:Color>urn:mpeg:mpeg-v:01-SI-ColorCS-NS:french_rose</dcdv:Color>
				<dcdv:Color>urn:mpeg:mpeg-v:01-SI-ColorCS-NS:fuchsia</dcdv:Color>
				<dcdv:Color>urn:mpeg:mpeg-v:01-SI-ColorCS-NS:fuchsia_pink</dcdv:Color>
				<dcdv:Color>urn:mpeg:mpeg-v:01-SI-ColorCS-NS:gamboge</dcdv:Color>
				<dcdv:Color>urn:mpeg:mpeg-v:01-SI-ColorCS-NS:gold_metallic</dcdv:Color>
				<dcdv:Color>urn:mpeg:mpeg-v:01-SI-ColorCS-NS:gold_web_golden</dcdv:Color>
				<dcdv:Color>urn:mpeg:mpeg-v:01-SI-ColorCS-NS:golden_brown</dcdv:Color>
				<dcdv:Color>urn:mpeg:mpeg-v:01-SI-ColorCS-NS:golden_yellow</dcdv:Color>
				<dcdv:Color>urn:mpeg:mpeg-v:01-SI-ColorCS-NS:goldenrod</dcdv:Color>
				<dcdv:Color>urn:mpeg:mpeg-v:01-SI-ColorCS-NS:grey-asparagus</dcdv:Color>
				<dcdv:Color>urn:mpeg:mpeg-v:01-SI-ColorCS-NS:green_color_wheel_x11_green</dcdv:Color>
				<dcdv:Color>urn:mpeg:mpeg-v:01-SI-ColorCS-NS:green_html/css_green</dcdv:Color>
				<dcdv:Color>urn:mpeg:mpeg-v:01-SI-ColorCS-NS:green_pigment</dcdv:Color>
				<dcdv:Color>urn:mpeg:mpeg-v:01-SI-ColorCS-NS:green_ryb</dcdv:Color>
				<dcdv:Color>urn:mpeg:mpeg-v:01-SI-ColorCS-NS:green-yellow</dcdv:Color>
				<dcdv:Color>urn:mpeg:mpeg-v:01-SI-ColorCS-NS:grey</dcdv:Color>
				<dcdv:Color>urn:mpeg:mpeg-v:01-SI-ColorCS-NS:han_purple</dcdv:Color>
				<dcdv:Color>urn:mpeg:mpeg-v:01-SI-ColorCS-NS:harlequin</dcdv:Color>
				<dcdv:Color>urn:mpeg:mpeg-v:01-SI-ColorCS-NS:heliotrope</dcdv:Color>
				<dcdv:Color>urn:mpeg:mpeg-v:01-SI-ColorCS-NS:hollywood_cerise</dcdv:Color>
				<dcdv:Color>urn:mpeg:mpeg-v:01-SI-ColorCS-NS:hot_magenta</dcdv:Color>
				<dcdv:Color>urn:mpeg:mpeg-v:01-SI-ColorCS-NS:hot_pink</dcdv:Color>
				<dcdv:Color>urn:mpeg:mpeg-v:01-SI-ColorCS-NS:indigo_dye</dcdv:Color>
				<dcdv:Color>urn:mpeg:mpeg-v:01-SI-ColorCS-NS:indigo_web</dcdv:Color>
				<dcdv:Color>urn:mpeg:mpeg-v:01-SI-ColorCS-NS:international_klein_blue</dcdv:Color>
				<dcdv:Color>urn:mpeg:mpeg-v:01-SI-ColorCS-NS:international_orange</dcdv:Color>
				<dcdv:Color>urn:mpeg:mpeg-v:01-SI-ColorCS-NS:islamic_green</dcdv:Color>
				<dcdv:Color>urn:mpeg:mpeg-v:01-SI-ColorCS-NS:ivory</dcdv:Color>
				<dcdv:Color>urn:mpeg:mpeg-v:01-SI-ColorCS-NS:jade</dcdv:Color>
				<dcdv:Color>urn:mpeg:mpeg-v:01-SI-ColorCS-NS:kelly_green</dcdv:Color>
				<dcdv:Color>urn:mpeg:mpeg-v:01-SI-ColorCS-NS:khaki</dcdv:Color>
				<dcdv:Color>urn:mpeg:mpeg-v:01-SI-ColorCS-NS:khaki_x11_light_khaki</dcdv:Color>
				<dcdv:Color>urn:mpeg:mpeg-v:01-SI-ColorCS-NS:lavender_floral</dcdv:Color>
				<dcdv:Color>urn:mpeg:mpeg-v:01-SI-ColorCS-NS:lavender_web</dcdv:Color>
				<dcdv:Color>urn:mpeg:mpeg-v:01-SI-ColorCS-NS:lavender_blue</dcdv:Color>
				<dcdv:Color>urn:mpeg:mpeg-v:01-SI-ColorCS-NS:lavender_blush</dcdv:Color>
				<dcdv:Color>urn:mpeg:mpeg-v:01-SI-ColorCS-NS:lavender_grey</dcdv:Color>
				<dcdv:Color>urn:mpeg:mpeg-v:01-SI-ColorCS-NS:lavender_magenta</dcdv:Color>
				<dcdv:Color>urn:mpeg:mpeg-v:01-SI-ColorCS-NS:lavender_pink</dcdv:Color>
				<dcdv:Color>urn:mpeg:mpeg-v:01-SI-ColorCS-NS:lavender_purple</dcdv:Color>
				<dcdv:Color>urn:mpeg:mpeg-v:01-SI-ColorCS-NS:lavender_rose</dcdv:Color>
				<dcdv:Color>urn:mpeg:mpeg-v:01-SI-ColorCS-NS:lawn_green</dcdv:Color>
				<dcdv:Color>urn:mpeg:mpeg-v:01-SI-ColorCS-NS:lemon</dcdv:Color>
				<dcdv:Color>urn:mpeg:mpeg-v:01-SI-ColorCS-NS:lemon_chiffon</dcdv:Color>
				<dcdv:Color>urn:mpeg:mpeg-v:01-SI-ColorCS-NS:light_blue</dcdv:Color>
				<dcdv:Color>urn:mpeg:mpeg-v:01-SI-ColorCS-NS:light_pink</dcdv:Color>
				<dcdv:Color>urn:mpeg:mpeg-v:01-SI-ColorCS-NS:lilac</dcdv:Color>
				<dcdv:Color>urn:mpeg:mpeg-v:01-SI-ColorCS-NS:lime_color_wheel</dcdv:Color>
				<dcdv:Color>urn:mpeg:mpeg-v:01-SI-ColorCS-NS:lime_web_x11_green</dcdv:Color>
				<dcdv:Color>urn:mpeg:mpeg-v:01-SI-ColorCS-NS:lime_green</dcdv:Color>
				<dcdv:Color>urn:mpeg:mpeg-v:01-SI-ColorCS-NS:linen</dcdv:Color>
				<dcdv:Color>urn:mpeg:mpeg-v:01-SI-ColorCS-NS:magenta</dcdv:Color>
				<dcdv:Color>urn:mpeg:mpeg-v:01-SI-ColorCS-NS:magenta_dye</dcdv:Color>
				<dcdv:Color>urn:mpeg:mpeg-v:01-SI-ColorCS-NS:magenta_process</dcdv:Color>
				<dcdv:Color>urn:mpeg:mpeg-v:01-SI-ColorCS-NS:magic_mint</dcdv:Color>
				<dcdv:Color>urn:mpeg:mpeg-v:01-SI-ColorCS-NS:magnolia</dcdv:Color>
				<dcdv:Color>urn:mpeg:mpeg-v:01-SI-ColorCS-NS:malachite</dcdv:Color>
				<dcdv:Color>urn:mpeg:mpeg-v:01-SI-ColorCS-NS:maroon_html/css</dcdv:Color>
				<dcdv:Color>urn:mpeg:mpeg-v:01-SI-ColorCS-NS:maroon_x11</dcdv:Color>
				<dcdv:Color>urn:mpeg:mpeg-v:01-SI-ColorCS-NS:maya_blue</dcdv:Color>
				<dcdv:Color>urn:mpeg:mpeg-v:01-SI-ColorCS-NS:mauve</dcdv:Color>
				<dcdv:Color>urn:mpeg:mpeg-v:01-SI-ColorCS-NS:mauve_taupe</dcdv:Color>
				<dcdv:Color>urn:mpeg:mpeg-v:01-SI-ColorCS-NS:medium_blue</dcdv:Color>
				<dcdv:Color>urn:mpeg:mpeg-v:01-SI-ColorCS-NS:medium_carmine</dcdv:Color>
				<dcdv:Color>urn:mpeg:mpeg-v:01-SI-ColorCS-NS:medium_lavender_magenta</dcdv:Color>
				<dcdv:Color>urn:mpeg:mpeg-v:01-SI-ColorCS-NS:medium_purple</dcdv:Color>
				<dcdv:Color>urn:mpeg:mpeg-v:01-SI-ColorCS-NS:medium_spring_green</dcdv:Color>
				<dcdv:Color>urn:mpeg:mpeg-v:01-SI-ColorCS-NS:midnight_blue</dcdv:Color>
				<dcdv:Color>urn:mpeg:mpeg-v:01-SI-ColorCS-NS:midnight_green_eagle_green</dcdv:Color>
				<dcdv:Color>urn:mpeg:mpeg-v:01-SI-ColorCS-NS:mint_green</dcdv:Color>
				<dcdv:Color>urn:mpeg:mpeg-v:01-SI-ColorCS-NS:misty_rose</dcdv:Color>
				<dcdv:Color>urn:mpeg:mpeg-v:01-SI-ColorCS-NS:moss_green</dcdv:Color>
				<dcdv:Color>urn:mpeg:mpeg-v:01-SI-ColorCS-NS:mountbatten_pink</dcdv:Color>
				<dcdv:Color>urn:mpeg:mpeg-v:01-SI-ColorCS-NS:mustard</dcdv:Color>
				<dcdv:Color>urn:mpeg:mpeg-v:01-SI-ColorCS-NS:myrtle</dcdv:Color>
				<dcdv:Color>urn:mpeg:mpeg-v:01-SI-ColorCS-NS:navajo_white</dcdv:Color>
				<dcdv:Color>urn:mpeg:mpeg-v:01-SI-ColorCS-NS:navy_blue</dcdv:Color>
				<dcdv:Color>urn:mpeg:mpeg-v:01-SI-ColorCS-NS:ochre</dcdv:Color>
				<dcdv:Color>urn:mpeg:mpeg-v:01-SI-ColorCS-NS:office_green</dcdv:Color>
				<dcdv:Color>urn:mpeg:mpeg-v:01-SI-ColorCS-NS:old_gold</dcdv:Color>
				<dcdv:Color>urn:mpeg:mpeg-v:01-SI-ColorCS-NS:old_lace</dcdv:Color>
				<dcdv:Color>urn:mpeg:mpeg-v:01-SI-ColorCS-NS:old_lavender</dcdv:Color>
				<dcdv:Color>urn:mpeg:mpeg-v:01-SI-ColorCS-NS:old_rose</dcdv:Color>
				<dcdv:Color>urn:mpeg:mpeg-v:01-SI-ColorCS-NS:olive</dcdv:Color>
				<dcdv:Color>urn:mpeg:mpeg-v:01-SI-ColorCS-NS:olive_drab</dcdv:Color>
				<dcdv:Color>urn:mpeg:mpeg-v:01-SI-ColorCS-NS:olivine</dcdv:Color>
				<dcdv:Color>urn:mpeg:mpeg-v:01-SI-ColorCS-NS:orange_color_wheel</dcdv:Color>
				<dcdv:Color>urn:mpeg:mpeg-v:01-SI-ColorCS-NS:orange_ryb</dcdv:Color>
				<dcdv:Color>urn:mpeg:mpeg-v:01-SI-ColorCS-NS:orange_web</dcdv:Color>
				<dcdv:Color>urn:mpeg:mpeg-v:01-SI-ColorCS-NS:orange_peel</dcdv:Color>
				<dcdv:Color>urn:mpeg:mpeg-v:01-SI-ColorCS-NS:orange-red</dcdv:Color>
				<dcdv:Color>urn:mpeg:mpeg-v:01-SI-ColorCS-NS:orchid</dcdv:Color>
				<dcdv:Color>urn:mpeg:mpeg-v:01-SI-ColorCS-NS:pale_blue</dcdv:Color>
				<dcdv:Color>urn:mpeg:mpeg-v:01-SI-ColorCS-NS:pale_brown</dcdv:Color>
				<dcdv:Color>urn:mpeg:mpeg-v:01-SI-ColorCS-NS:pale_carmine</dcdv:Color>
				<dcdv:Color>urn:mpeg:mpeg-v:01-SI-ColorCS-NS:pale_chestnut</dcdv:Color>
				<dcdv:Color>urn:mpeg:mpeg-v:01-SI-ColorCS-NS:pale_cornflower_blue</dcdv:Color>
				<dcdv:Color>urn:mpeg:mpeg-v:01-SI-ColorCS-NS:pale_magenta</dcdv:Color>
				<dcdv:Color>urn:mpeg:mpeg-v:01-SI-ColorCS-NS:pale_pink</dcdv:Color>
				<dcdv:Color>urn:mpeg:mpeg-v:01-SI-ColorCS-NS:pale_red-violet</dcdv:Color>
				<dcdv:Color>urn:mpeg:mpeg-v:01-SI-ColorCS-NS:papaya_whip</dcdv:Color>
				<dcdv:Color>urn:mpeg:mpeg-v:01-SI-ColorCS-NS:pastel_green</dcdv:Color>
				<dcdv:Color>urn:mpeg:mpeg-v:01-SI-ColorCS-NS:pastel_pink</dcdv:Color>
				<dcdv:Color>urn:mpeg:mpeg-v:01-SI-ColorCS-NS:peach</dcdv:Color>
				<dcdv:Color>urn:mpeg:mpeg-v:01-SI-ColorCS-NS:peach-orange</dcdv:Color>
				<dcdv:Color>urn:mpeg:mpeg-v:01-SI-ColorCS-NS:peach-yellow</dcdv:Color>
				<dcdv:Color>urn:mpeg:mpeg-v:01-SI-ColorCS-NS:pear</dcdv:Color>
				<dcdv:Color>urn:mpeg:mpeg-v:01-SI-ColorCS-NS:periwinkle</dcdv:Color>
				<dcdv:Color>urn:mpeg:mpeg-v:01-SI-ColorCS-NS:persian_blue</dcdv:Color>
				<dcdv:Color>urn:mpeg:mpeg-v:01-SI-ColorCS-NS:persian_green</dcdv:Color>
				<dcdv:Color>urn:mpeg:mpeg-v:01-SI-ColorCS-NS:persian_indigo</dcdv:Color>
				<dcdv:Color>urn:mpeg:mpeg-v:01-SI-ColorCS-NS:persian_orange</dcdv:Color>
				<dcdv:Color>urn:mpeg:mpeg-v:01-SI-ColorCS-NS:persian_red</dcdv:Color>
				<dcdv:Color>urn:mpeg:mpeg-v:01-SI-ColorCS-NS:persian_pink</dcdv:Color>
				<dcdv:Color>urn:mpeg:mpeg-v:01-SI-ColorCS-NS:persian_rose</dcdv:Color>
				<dcdv:Color>urn:mpeg:mpeg-v:01-SI-ColorCS-NS:persimmon</dcdv:Color>
				<dcdv:Color>urn:mpeg:mpeg-v:01-SI-ColorCS-NS:pine_green</dcdv:Color>
				<dcdv:Color>urn:mpeg:mpeg-v:01-SI-ColorCS-NS:pink</dcdv:Color>
				<dcdv:Color>urn:mpeg:mpeg-v:01-SI-ColorCS-NS:pink-orange</dcdv:Color>
				<dcdv:Color>urn:mpeg:mpeg-v:01-SI-ColorCS-NS:platinum</dcdv:Color>
				<dcdv:Color>urn:mpeg:mpeg-v:01-SI-ColorCS-NS:plum_web</dcdv:Color>
				<dcdv:Color>urn:mpeg:mpeg-v:01-SI-ColorCS-NS:powder_blue_web</dcdv:Color>
				<dcdv:Color>urn:mpeg:mpeg-v:01-SI-ColorCS-NS:puce</dcdv:Color>
				<dcdv:Color>urn:mpeg:mpeg-v:01-SI-ColorCS-NS:prussian_blue</dcdv:Color>
				<dcdv:Color>urn:mpeg:mpeg-v:01-SI-ColorCS-NS:psychedelic_purple</dcdv:Color>
				<dcdv:Color>urn:mpeg:mpeg-v:01-SI-ColorCS-NS:pumpkin</dcdv:Color>
				<dcdv:Color>urn:mpeg:mpeg-v:01-SI-ColorCS-NS:purple_html/css</dcdv:Color>
				<dcdv:Color>urn:mpeg:mpeg-v:01-SI-ColorCS-NS:purple_x11</dcdv:Color>
				<dcdv:Color>urn:mpeg:mpeg-v:01-SI-ColorCS-NS:purple_taupe</dcdv:Color>
				<dcdv:Color>urn:mpeg:mpeg-v:01-SI-ColorCS-NS:raw_umber</dcdv:Color>
				<dcdv:Color>urn:mpeg:mpeg-v:01-SI-ColorCS-NS:razzmatazz</dcdv:Color>
				<dcdv:Color>urn:mpeg:mpeg-v:01-SI-ColorCS-NS:red</dcdv:Color>
				<dcdv:Color>urn:mpeg:mpeg-v:01-SI-ColorCS-NS:red_pigment</dcdv:Color>
				<dcdv:Color>urn:mpeg:mpeg-v:01-SI-ColorCS-NS:red_ryb</dcdv:Color>
				<dcdv:Color>urn:mpeg:mpeg-v:01-SI-ColorCS-NS:red-violet</dcdv:Color>
				<dcdv:Color>urn:mpeg:mpeg-v:01-SI-ColorCS-NS:rich_carmine</dcdv:Color>
				<dcdv:Color>urn:mpeg:mpeg-v:01-SI-ColorCS-NS:robin_egg_blue</dcdv:Color>
				<dcdv:Color>urn:mpeg:mpeg-v:01-SI-ColorCS-NS:rose</dcdv:Color>
				<dcdv:Color>urn:mpeg:mpeg-v:01-SI-ColorCS-NS:rose_madder</dcdv:Color>
				<dcdv:Color>urn:mpeg:mpeg-v:01-SI-ColorCS-NS:rose_taupe</dcdv:Color>
				<dcdv:Color>urn:mpeg:mpeg-v:01-SI-ColorCS-NS:royal_blue</dcdv:Color>
				<dcdv:Color>urn:mpeg:mpeg-v:01-SI-ColorCS-NS:royal_purple</dcdv:Color>
				<dcdv:Color>urn:mpeg:mpeg-v:01-SI-ColorCS-NS:ruby</dcdv:Color>
				<dcdv:Color>urn:mpeg:mpeg-v:01-SI-ColorCS-NS:russet</dcdv:Color>
				<dcdv:Color>urn:mpeg:mpeg-v:01-SI-ColorCS-NS:rust</dcdv:Color>
				<dcdv:Color>urn:mpeg:mpeg-v:01-SI-ColorCS-NS:safety_orange_blaze_orange</dcdv:Color>
				<dcdv:Color>urn:mpeg:mpeg-v:01-SI-ColorCS-NS:saffron</dcdv:Color>
				<dcdv:Color>urn:mpeg:mpeg-v:01-SI-ColorCS-NS:salmon</dcdv:Color>
				<dcdv:Color>urn:mpeg:mpeg-v:01-SI-ColorCS-NS:sandy_brown</dcdv:Color>
				<dcdv:Color>urn:mpeg:mpeg-v:01-SI-ColorCS-NS:sangria</dcdv:Color>
				<dcdv:Color>urn:mpeg:mpeg-v:01-SI-ColorCS-NS:sapphire</dcdv:Color>
				<dcdv:Color>urn:mpeg:mpeg-v:01-SI-ColorCS-NS:scarlet</dcdv:Color>
				<dcdv:Color>urn:mpeg:mpeg-v:01-SI-ColorCS-NS:school_bus_yellow</dcdv:Color>
				<dcdv:Color>urn:mpeg:mpeg-v:01-SI-ColorCS-NS:sea_green</dcdv:Color>
				<dcdv:Color>urn:mpeg:mpeg-v:01-SI-ColorCS-NS:seashell</dcdv:Color>
				<dcdv:Color>urn:mpeg:mpeg-v:01-SI-ColorCS-NS:selective_yellow</dcdv:Color>
				<dcdv:Color>urn:mpeg:mpeg-v:01-SI-ColorCS-NS:sepia</dcdv:Color>
				<dcdv:Color>urn:mpeg:mpeg-v:01-SI-ColorCS-NS:shamrock_green</dcdv:Color>
				<dcdv:Color>urn:mpeg:mpeg-v:01-SI-ColorCS-NS:shocking_pink</dcdv:Color>
				<dcdv:Color>urn:mpeg:mpeg-v:01-SI-ColorCS-NS:silver</dcdv:Color>
				<dcdv:Color>urn:mpeg:mpeg-v:01-SI-ColorCS-NS:sky_blue</dcdv:Color>
				<dcdv:Color>urn:mpeg:mpeg-v:01-SI-ColorCS-NS:slate_grey</dcdv:Color>
				<dcdv:Color>urn:mpeg:mpeg-v:01-SI-ColorCS-NS:smalt_dark_powder_blue</dcdv:Color>
				<dcdv:Color>urn:mpeg:mpeg-v:01-SI-ColorCS-NS:spring_bud</dcdv:Color>
				<dcdv:Color>urn:mpeg:mpeg-v:01-SI-ColorCS-NS:spring_green</dcdv:Color>
				<dcdv:Color>urn:mpeg:mpeg-v:01-SI-ColorCS-NS:steel_blue</dcdv:Color>
				<dcdv:Color>urn:mpeg:mpeg-v:01-SI-ColorCS-NS:tan</dcdv:Color>
				<dcdv:Color>urn:mpeg:mpeg-v:01-SI-ColorCS-NS:tangerine</dcdv:Color>
				<dcdv:Color>urn:mpeg:mpeg-v:01-SI-ColorCS-NS:tangerine_yellow</dcdv:Color>
				<dcdv:Color>urn:mpeg:mpeg-v:01-SI-ColorCS-NS:taupe</dcdv:Color>
				<dcdv:Color>urn:mpeg:mpeg-v:01-SI-ColorCS-NS:tea_green</dcdv:Color>
				<dcdv:Color>urn:mpeg:mpeg-v:01-SI-ColorCS-NS:tea_rose_orange</dcdv:Color>
				<dcdv:Color>urn:mpeg:mpeg-v:01-SI-ColorCS-NS:tea_rose_rose</dcdv:Color>
				<dcdv:Color>urn:mpeg:mpeg-v:01-SI-ColorCS-NS:teal</dcdv:Color>
				<dcdv:Color>urn:mpeg:mpeg-v:01-SI-ColorCS-NS:tenny_tawny</dcdv:Color>
				<dcdv:Color>urn:mpeg:mpeg-v:01-SI-ColorCS-NS:terra_cotta</dcdv:Color>
				<dcdv:Color>urn:mpeg:mpeg-v:01-SI-ColorCS-NS:thistle</dcdv:Color>
				<dcdv:Color>urn:mpeg:mpeg-v:01-SI-ColorCS-NS:tomato</dcdv:Color>
				<dcdv:Color>urn:mpeg:mpeg-v:01-SI-ColorCS-NS:turquoise</dcdv:Color>
				<dcdv:Color>urn:mpeg:mpeg-v:01-SI-ColorCS-NS:tyrian_purple</dcdv:Color>
				<dcdv:Color>urn:mpeg:mpeg-v:01-SI-ColorCS-NS:ultramarine</dcdv:Color>
				<dcdv:Color>urn:mpeg:mpeg-v:01-SI-ColorCS-NS:ultra_pink</dcdv:Color>
				<dcdv:Color>urn:mpeg:mpeg-v:01-SI-ColorCS-NS:united_nations_blue</dcdv:Color>
				<dcdv:Color>urn:mpeg:mpeg-v:01-SI-ColorCS-NS:vegas_gold</dcdv:Color>
				<dcdv:Color>urn:mpeg:mpeg-v:01-SI-ColorCS-NS:vermilion</dcdv:Color>
				<dcdv:Color>urn:mpeg:mpeg-v:01-SI-ColorCS-NS:violet</dcdv:Color>
				<dcdv:Color>urn:mpeg:mpeg-v:01-SI-ColorCS-NS:violet_web</dcdv:Color>
				<dcdv:Color>urn:mpeg:mpeg-v:01-SI-ColorCS-NS:violet_ryb</dcdv:Color>
				<dcdv:Color>urn:mpeg:mpeg-v:01-SI-ColorCS-NS:viridian</dcdv:Color>
				<dcdv:Color>urn:mpeg:mpeg-v:01-SI-ColorCS-NS:wheat</dcdv:Color>
				<dcdv:Color>urn:mpeg:mpeg-v:01-SI-ColorCS-NS:white</dcdv:Color>
				<dcdv:Color>urn:mpeg:mpeg-v:01-SI-ColorCS-NS:wisteria</dcdv:Color>
				<dcdv:Color>urn:mpeg:mpeg-v:01-SI-ColorCS-NS:yellow</dcdv:Color>
				<dcdv:Color>urn:mpeg:mpeg-v:01-SI-ColorCS-NS:yellow_process</dcdv:Color>
				<dcdv:Color>urn:mpeg:mpeg-v:01-SI-ColorCS-NS:yellow_ryb</dcdv:Color>
				<dcdv:Color>urn:mpeg:mpeg-v:01-SI-ColorCS-NS:yellow-green</dcdv:Color>
		</cidl:SensoryDeviceCapability>
		
		<cidl:SensoryDeviceCapability xsi:type="dcdv:LightCapabilityType" 
			id="ledStripRightPart" unit="urn:mpeg:mpeg-v:01-CI-UnitTypeCS-NS:lux" zerothOrderDelayTime="100" firstOrderDelayTime="50"
			maxIntensity="400" numOfLightLevels="255" locator="urn:mpeg:mpeg-v:01-SI-LocationCS-NS:right">
				<dcdv:Color>urn:mpeg:mpeg-v:01-SI-ColorCS-NS:alice_blue</dcdv:Color>
				<dcdv:Color>urn:mpeg:mpeg-v:01-SI-ColorCS-NS:alizarin</dcdv:Color>
				<dcdv:Color>urn:mpeg:mpeg-v:01-SI-ColorCS-NS:amaranth</dcdv:Color>
				<dcdv:Color>urn:mpeg:mpeg-v:01-SI-ColorCS-NS:amaranth_pink</dcdv:Color>
				<dcdv:Color>urn:mpeg:mpeg-v:01-SI-ColorCS-NS:amber</dcdv:Color>
				<dcdv:Color>urn:mpeg:mpeg-v:01-SI-ColorCS-NS:amethyst</dcdv:Color>
				<dcdv:Color>urn:mpeg:mpeg-v:01-SI-ColorCS-NS:apricot</dcdv:Color>
				<dcdv:Color>urn:mpeg:mpeg-v:01-SI-ColorCS-NS:aqua</dcdv:Color>
				<dcdv:Color>urn:mpeg:mpeg-v:01-SI-ColorCS-NS:aquamarine</dcdv:Color>
				<dcdv:Color>urn:mpeg:mpeg-v:01-SI-ColorCS-NS:army_green</dcdv:Color>
				<dcdv:Color>urn:mpeg:mpeg-v:01-SI-ColorCS-NS:asparagus</dcdv:Color>
				<dcdv:Color>urn:mpeg:mpeg-v:01-SI-ColorCS-NS:atomic_tangerine</dcdv:Color>
				<dcdv:Color>urn:mpeg:mpeg-v:01-SI-ColorCS-NS:auburn</dcdv:Color>
				<dcdv:Color>urn:mpeg:mpeg-v:01-SI-ColorCS-NS:azure_color_wheel</dcdv:Color>
				<dcdv:Color>urn:mpeg:mpeg-v:01-SI-ColorCS-NS:azure_web</dcdv:Color>
				<dcdv:Color>urn:mpeg:mpeg-v:01-SI-ColorCS-NS:baby_blue</dcdv:Color>
				<dcdv:Color>urn:mpeg:mpeg-v:01-SI-ColorCS-NS:beige</dcdv:Color>
				<dcdv:Color>urn:mpeg:mpeg-v:01-SI-ColorCS-NS:bistre</dcdv:Color>
				<dcdv:Color>urn:mpeg:mpeg-v:01-SI-ColorCS-NS:black</dcdv:Color>
				<dcdv:Color>urn:mpeg:mpeg-v:01-SI-ColorCS-NS:blue</dcdv:Color>
				<dcdv:Color>urn:mpeg:mpeg-v:01-SI-ColorCS-NS:blue_pigment</dcdv:Color>
				<dcdv:Color>urn:mpeg:mpeg-v:01-SI-ColorCS-NS:blue_ryb</dcdv:Color>
				<dcdv:Color>urn:mpeg:mpeg-v:01-SI-ColorCS-NS:blue-green</dcdv:Color>
				<dcdv:Color>urn:mpeg:mpeg-v:01-SI-ColorCS-NS:blue-violet</dcdv:Color>
				<dcdv:Color>urn:mpeg:mpeg-v:01-SI-ColorCS-NS:bondi_blue</dcdv:Color>
				<dcdv:Color>urn:mpeg:mpeg-v:01-SI-ColorCS-NS:brass</dcdv:Color>
				<dcdv:Color>urn:mpeg:mpeg-v:01-SI-ColorCS-NS:bright_green</dcdv:Color>
				<dcdv:Color>urn:mpeg:mpeg-v:01-SI-ColorCS-NS:bright_pink</dcdv:Color>
				<dcdv:Color>urn:mpeg:mpeg-v:01-SI-ColorCS-NS:bright_turquoise</dcdv:Color>
				<dcdv:Color>urn:mpeg:mpeg-v:01-SI-ColorCS-NS:brilliant_rose</dcdv:Color>
				<dcdv:Color>urn:mpeg:mpeg-v:01-SI-ColorCS-NS:brink_pink</dcdv:Color>
				<dcdv:Color>urn:mpeg:mpeg-v:01-SI-ColorCS-NS:bronze</dcdv:Color>
				<dcdv:Color>urn:mpeg:mpeg-v:01-SI-ColorCS-NS:brown</dcdv:Color>
				<dcdv:Color>urn:mpeg:mpeg-v:01-SI-ColorCS-NS:buff</dcdv:Color>
				<dcdv:Color>urn:mpeg:mpeg-v:01-SI-ColorCS-NS:burgundy</dcdv:Color>
				<dcdv:Color>urn:mpeg:mpeg-v:01-SI-ColorCS-NS:burnt_orange</dcdv:Color>
				<dcdv:Color>urn:mpeg:mpeg-v:01-SI-ColorCS-NS:burnt_sienna</dcdv:Color>
				<dcdv:Color>urn:mpeg:mpeg-v:01-SI-ColorCS-NS:burnt_umber</dcdv:Color>
				<dcdv:Color>urn:mpeg:mpeg-v:01-SI-ColorCS-NS:camouflage_green</dcdv:Color>
				<dcdv:Color>urn:mpeg:mpeg-v:01-SI-ColorCS-NS:caput_mortuum</dcdv:Color>
				<dcdv:Color>urn:mpeg:mpeg-v:01-SI-ColorCS-NS:cardinal</dcdv:Color>
				<dcdv:Color>urn:mpeg:mpeg-v:01-SI-ColorCS-NS:carmine</dcdv:Color>
				<dcdv:Color>urn:mpeg:mpeg-v:01-SI-ColorCS-NS:carmine_pink</dcdv:Color>
				<dcdv:Color>urn:mpeg:mpeg-v:01-SI-ColorCS-NS:carnation_pink</dcdv:Color>
				<dcdv:Color>urn:mpeg:mpeg-v:01-SI-ColorCS-NS:carolina_blue</dcdv:Color>
				<dcdv:Color>urn:mpeg:mpeg-v:01-SI-ColorCS-NS:carrot_orange</dcdv:Color>
				<dcdv:Color>urn:mpeg:mpeg-v:01-SI-ColorCS-NS:celadon</dcdv:Color>
				<dcdv:Color>urn:mpeg:mpeg-v:01-SI-ColorCS-NS:cerise</dcdv:Color>
				<dcdv:Color>urn:mpeg:mpeg-v:01-SI-ColorCS-NS:cerise_pink</dcdv:Color>
				<dcdv:Color>urn:mpeg:mpeg-v:01-SI-ColorCS-NS:cerulean</dcdv:Color>
				<dcdv:Color>urn:mpeg:mpeg-v:01-SI-ColorCS-NS:cerulean_blue</dcdv:Color>
				<dcdv:Color>urn:mpeg:mpeg-v:01-SI-ColorCS-NS:champagne</dcdv:Color>
				<dcdv:Color>urn:mpeg:mpeg-v:01-SI-ColorCS-NS:charcoal</dcdv:Color>
				<dcdv:Color>urn:mpeg:mpeg-v:01-SI-ColorCS-NS:chartreuse_traditional</dcdv:Color>
				<dcdv:Color>urn:mpeg:mpeg-v:01-SI-ColorCS-NS:chartreuse_web</dcdv:Color>
				<dcdv:Color>urn:mpeg:mpeg-v:01-SI-ColorCS-NS:cherry_blossom_pink</dcdv:Color>
				<dcdv:Color>urn:mpeg:mpeg-v:01-SI-ColorCS-NS:chestnut</dcdv:Color>
				<dcdv:Color>urn:mpeg:mpeg-v:01-SI-ColorCS-NS:chocolate</dcdv:Color>
				<dcdv:Color>urn:mpeg:mpeg-v:01-SI-ColorCS-NS:cinnabar</dcdv:Color>
				<dcdv:Color>urn:mpeg:mpeg-v:01-SI-ColorCS-NS:cinnamon</dcdv:Color>
				<dcdv:Color>urn:mpeg:mpeg-v:01-SI-ColorCS-NS:cobalt</dcdv:Color>
				<dcdv:Color>urn:mpeg:mpeg-v:01-SI-ColorCS-NS:columbia_blue</dcdv:Color>
				<dcdv:Color>urn:mpeg:mpeg-v:01-SI-ColorCS-NS:copper</dcdv:Color>
				<dcdv:Color>urn:mpeg:mpeg-v:01-SI-ColorCS-NS:copper_rose</dcdv:Color>
				<dcdv:Color>urn:mpeg:mpeg-v:01-SI-ColorCS-NS:coral</dcdv:Color>
				<dcdv:Color>urn:mpeg:mpeg-v:01-SI-ColorCS-NS:coral_pink</dcdv:Color>
				<dcdv:Color>urn:mpeg:mpeg-v:01-SI-ColorCS-NS:coral_red</dcdv:Color>
				<dcdv:Color>urn:mpeg:mpeg-v:01-SI-ColorCS-NS:corn</dcdv:Color>
				<dcdv:Color>urn:mpeg:mpeg-v:01-SI-ColorCS-NS:cornflower_blue</dcdv:Color>
				<dcdv:Color>urn:mpeg:mpeg-v:01-SI-ColorCS-NS:cosmic_latte</dcdv:Color>
				<dcdv:Color>urn:mpeg:mpeg-v:01-SI-ColorCS-NS:cream</dcdv:Color>
				<dcdv:Color>urn:mpeg:mpeg-v:01-SI-ColorCS-NS:crimson</dcdv:Color>
				<dcdv:Color>urn:mpeg:mpeg-v:01-SI-ColorCS-NS:cyan</dcdv:Color>
				<dcdv:Color>urn:mpeg:mpeg-v:01-SI-ColorCS-NS:cyan_process</dcdv:Color>
				<dcdv:Color>urn:mpeg:mpeg-v:01-SI-ColorCS-NS:dark_blue</dcdv:Color>
				<dcdv:Color>urn:mpeg:mpeg-v:01-SI-ColorCS-NS:dark_brown</dcdv:Color>
				<dcdv:Color>urn:mpeg:mpeg-v:01-SI-ColorCS-NS:dark_cerulean</dcdv:Color>
				<dcdv:Color>urn:mpeg:mpeg-v:01-SI-ColorCS-NS:dark_chestnut</dcdv:Color>
				<dcdv:Color>urn:mpeg:mpeg-v:01-SI-ColorCS-NS:dark_coral</dcdv:Color>
				<dcdv:Color>urn:mpeg:mpeg-v:01-SI-ColorCS-NS:dark_goldenrod</dcdv:Color>
				<dcdv:Color>urn:mpeg:mpeg-v:01-SI-ColorCS-NS:dark_green</dcdv:Color>
				<dcdv:Color>urn:mpeg:mpeg-v:01-SI-ColorCS-NS:dark_khaki</dcdv:Color>
				<dcdv:Color>urn:mpeg:mpeg-v:01-SI-ColorCS-NS:dark_magenta</dcdv:Color>
				<dcdv:Color>urn:mpeg:mpeg-v:01-SI-ColorCS-NS:dark_pastel_green</dcdv:Color>
				<dcdv:Color>urn:mpeg:mpeg-v:01-SI-ColorCS-NS:dark_pink</dcdv:Color>
				<dcdv:Color>urn:mpeg:mpeg-v:01-SI-ColorCS-NS:dark_scarlet</dcdv:Color>
				<dcdv:Color>urn:mpeg:mpeg-v:01-SI-ColorCS-NS:dark_salmon</dcdv:Color>
				<dcdv:Color>urn:mpeg:mpeg-v:01-SI-ColorCS-NS:dark_slate_gray</dcdv:Color>
				<dcdv:Color>urn:mpeg:mpeg-v:01-SI-ColorCS-NS:dark_spring_green</dcdv:Color>
				<dcdv:Color>urn:mpeg:mpeg-v:01-SI-ColorCS-NS:dark_tan</dcdv:Color>
				<dcdv:Color>urn:mpeg:mpeg-v:01-SI-ColorCS-NS:dark_turquoise</dcdv:Color>
				<dcdv:Color>urn:mpeg:mpeg-v:01-SI-ColorCS-NS:dark_violet</dcdv:Color>
				<dcdv:Color>urn:mpeg:mpeg-v:01-SI-ColorCS-NS:deep_carmine_pink</dcdv:Color>
				<dcdv:Color>urn:mpeg:mpeg-v:01-SI-ColorCS-NS:deep_cerise</dcdv:Color>
				<dcdv:Color>urn:mpeg:mpeg-v:01-SI-ColorCS-NS:deep_chestnut</dcdv:Color>
				<dcdv:Color>urn:mpeg:mpeg-v:01-SI-ColorCS-NS:deep_fuchsia</dcdv:Color>
				<dcdv:Color>urn:mpeg:mpeg-v:01-SI-ColorCS-NS:deep_lilac</dcdv:Color>
				<dcdv:Color>urn:mpeg:mpeg-v:01-SI-ColorCS-NS:deep_magenta</dcdv:Color>
				<dcdv:Color>urn:mpeg:mpeg-v:01-SI-ColorCS-NS:deep_peach</dcdv:Color>
				<dcdv:Color>urn:mpeg:mpeg-v:01-SI-ColorCS-NS:deep_pink</dcdv:Color>
				<dcdv:Color>urn:mpeg:mpeg-v:01-SI-ColorCS-NS:denim</dcdv:Color>
				<dcdv:Color>urn:mpeg:mpeg-v:01-SI-ColorCS-NS:dodger_blue</dcdv:Color>
				<dcdv:Color>urn:mpeg:mpeg-v:01-SI-ColorCS-NS:ecru</dcdv:Color>
				<dcdv:Color>urn:mpeg:mpeg-v:01-SI-ColorCS-NS:egyptian_blue</dcdv:Color>
				<dcdv:Color>urn:mpeg:mpeg-v:01-SI-ColorCS-NS:electric_blue</dcdv:Color>
				<dcdv:Color>urn:mpeg:mpeg-v:01-SI-ColorCS-NS:electric_green_x11_green</dcdv:Color>
				<dcdv:Color>urn:mpeg:mpeg-v:01-SI-ColorCS-NS:electric_indigo</dcdv:Color>
				<dcdv:Color>urn:mpeg:mpeg-v:01-SI-ColorCS-NS:electric_lime</dcdv:Color>
				<dcdv:Color>urn:mpeg:mpeg-v:01-SI-ColorCS-NS:electric_purple</dcdv:Color>
				<dcdv:Color>urn:mpeg:mpeg-v:01-SI-ColorCS-NS:emerald</dcdv:Color>
				<dcdv:Color>urn:mpeg:mpeg-v:01-SI-ColorCS-NS:eggplant</dcdv:Color>
				<dcdv:Color>urn:mpeg:mpeg-v:01-SI-ColorCS-NS:falu_red</dcdv:Color>
				<dcdv:Color>urn:mpeg:mpeg-v:01-SI-ColorCS-NS:fern_green</dcdv:Color>
				<dcdv:Color>urn:mpeg:mpeg-v:01-SI-ColorCS-NS:firebrick</dcdv:Color>
				<dcdv:Color>urn:mpeg:mpeg-v:01-SI-ColorCS-NS:flax</dcdv:Color>
				<dcdv:Color>urn:mpeg:mpeg-v:01-SI-ColorCS-NS:forest_green</dcdv:Color>
				<dcdv:Color>urn:mpeg:mpeg-v:01-SI-ColorCS-NS:french_rose</dcdv:Color>
				<dcdv:Color>urn:mpeg:mpeg-v:01-SI-ColorCS-NS:fuchsia</dcdv:Color>
				<dcdv:Color>urn:mpeg:mpeg-v:01-SI-ColorCS-NS:fuchsia_pink</dcdv:Color>
				<dcdv:Color>urn:mpeg:mpeg-v:01-SI-ColorCS-NS:gamboge</dcdv:Color>
				<dcdv:Color>urn:mpeg:mpeg-v:01-SI-ColorCS-NS:gold_metallic</dcdv:Color>
				<dcdv:Color>urn:mpeg:mpeg-v:01-SI-ColorCS-NS:gold_web_golden</dcdv:Color>
				<dcdv:Color>urn:mpeg:mpeg-v:01-SI-ColorCS-NS:golden_brown</dcdv:Color>
				<dcdv:Color>urn:mpeg:mpeg-v:01-SI-ColorCS-NS:golden_yellow</dcdv:Color>
				<dcdv:Color>urn:mpeg:mpeg-v:01-SI-ColorCS-NS:goldenrod</dcdv:Color>
				<dcdv:Color>urn:mpeg:mpeg-v:01-SI-ColorCS-NS:grey-asparagus</dcdv:Color>
				<dcdv:Color>urn:mpeg:mpeg-v:01-SI-ColorCS-NS:green_color_wheel_x11_green</dcdv:Color>
				<dcdv:Color>urn:mpeg:mpeg-v:01-SI-ColorCS-NS:green_html/css_green</dcdv:Color>
				<dcdv:Color>urn:mpeg:mpeg-v:01-SI-ColorCS-NS:green_pigment</dcdv:Color>
				<dcdv:Color>urn:mpeg:mpeg-v:01-SI-ColorCS-NS:green_ryb</dcdv:Color>
				<dcdv:Color>urn:mpeg:mpeg-v:01-SI-ColorCS-NS:green-yellow</dcdv:Color>
				<dcdv:Color>urn:mpeg:mpeg-v:01-SI-ColorCS-NS:grey</dcdv:Color>
				<dcdv:Color>urn:mpeg:mpeg-v:01-SI-ColorCS-NS:han_purple</dcdv:Color>
				<dcdv:Color>urn:mpeg:mpeg-v:01-SI-ColorCS-NS:harlequin</dcdv:Color>
				<dcdv:Color>urn:mpeg:mpeg-v:01-SI-ColorCS-NS:heliotrope</dcdv:Color>
				<dcdv:Color>urn:mpeg:mpeg-v:01-SI-ColorCS-NS:hollywood_cerise</dcdv:Color>
				<dcdv:Color>urn:mpeg:mpeg-v:01-SI-ColorCS-NS:hot_magenta</dcdv:Color>
				<dcdv:Color>urn:mpeg:mpeg-v:01-SI-ColorCS-NS:hot_pink</dcdv:Color>
				<dcdv:Color>urn:mpeg:mpeg-v:01-SI-ColorCS-NS:indigo_dye</dcdv:Color>
				<dcdv:Color>urn:mpeg:mpeg-v:01-SI-ColorCS-NS:indigo_web</dcdv:Color>
				<dcdv:Color>urn:mpeg:mpeg-v:01-SI-ColorCS-NS:international_klein_blue</dcdv:Color>
				<dcdv:Color>urn:mpeg:mpeg-v:01-SI-ColorCS-NS:international_orange</dcdv:Color>
				<dcdv:Color>urn:mpeg:mpeg-v:01-SI-ColorCS-NS:islamic_green</dcdv:Color>
				<dcdv:Color>urn:mpeg:mpeg-v:01-SI-ColorCS-NS:ivory</dcdv:Color>
				<dcdv:Color>urn:mpeg:mpeg-v:01-SI-ColorCS-NS:jade</dcdv:Color>
				<dcdv:Color>urn:mpeg:mpeg-v:01-SI-ColorCS-NS:kelly_green</dcdv:Color>
				<dcdv:Color>urn:mpeg:mpeg-v:01-SI-ColorCS-NS:khaki</dcdv:Color>
				<dcdv:Color>urn:mpeg:mpeg-v:01-SI-ColorCS-NS:khaki_x11_light_khaki</dcdv:Color>
				<dcdv:Color>urn:mpeg:mpeg-v:01-SI-ColorCS-NS:lavender_floral</dcdv:Color>
				<dcdv:Color>urn:mpeg:mpeg-v:01-SI-ColorCS-NS:lavender_web</dcdv:Color>
				<dcdv:Color>urn:mpeg:mpeg-v:01-SI-ColorCS-NS:lavender_blue</dcdv:Color>
				<dcdv:Color>urn:mpeg:mpeg-v:01-SI-ColorCS-NS:lavender_blush</dcdv:Color>
				<dcdv:Color>urn:mpeg:mpeg-v:01-SI-ColorCS-NS:lavender_grey</dcdv:Color>
				<dcdv:Color>urn:mpeg:mpeg-v:01-SI-ColorCS-NS:lavender_magenta</dcdv:Color>
				<dcdv:Color>urn:mpeg:mpeg-v:01-SI-ColorCS-NS:lavender_pink</dcdv:Color>
				<dcdv:Color>urn:mpeg:mpeg-v:01-SI-ColorCS-NS:lavender_purple</dcdv:Color>
				<dcdv:Color>urn:mpeg:mpeg-v:01-SI-ColorCS-NS:lavender_rose</dcdv:Color>
				<dcdv:Color>urn:mpeg:mpeg-v:01-SI-ColorCS-NS:lawn_green</dcdv:Color>
				<dcdv:Color>urn:mpeg:mpeg-v:01-SI-ColorCS-NS:lemon</dcdv:Color>
				<dcdv:Color>urn:mpeg:mpeg-v:01-SI-ColorCS-NS:lemon_chiffon</dcdv:Color>
				<dcdv:Color>urn:mpeg:mpeg-v:01-SI-ColorCS-NS:light_blue</dcdv:Color>
				<dcdv:Color>urn:mpeg:mpeg-v:01-SI-ColorCS-NS:light_pink</dcdv:Color>
				<dcdv:Color>urn:mpeg:mpeg-v:01-SI-ColorCS-NS:lilac</dcdv:Color>
				<dcdv:Color>urn:mpeg:mpeg-v:01-SI-ColorCS-NS:lime_color_wheel</dcdv:Color>
				<dcdv:Color>urn:mpeg:mpeg-v:01-SI-ColorCS-NS:lime_web_x11_green</dcdv:Color>
				<dcdv:Color>urn:mpeg:mpeg-v:01-SI-ColorCS-NS:lime_green</dcdv:Color>
				<dcdv:Color>urn:mpeg:mpeg-v:01-SI-ColorCS-NS:linen</dcdv:Color>
				<dcdv:Color>urn:mpeg:mpeg-v:01-SI-ColorCS-NS:magenta</dcdv:Color>
				<dcdv:Color>urn:mpeg:mpeg-v:01-SI-ColorCS-NS:magenta_dye</dcdv:Color>
				<dcdv:Color>urn:mpeg:mpeg-v:01-SI-ColorCS-NS:magenta_process</dcdv:Color>
				<dcdv:Color>urn:mpeg:mpeg-v:01-SI-ColorCS-NS:magic_mint</dcdv:Color>
				<dcdv:Color>urn:mpeg:mpeg-v:01-SI-ColorCS-NS:magnolia</dcdv:Color>
				<dcdv:Color>urn:mpeg:mpeg-v:01-SI-ColorCS-NS:malachite</dcdv:Color>
				<dcdv:Color>urn:mpeg:mpeg-v:01-SI-ColorCS-NS:maroon_html/css</dcdv:Color>
				<dcdv:Color>urn:mpeg:mpeg-v:01-SI-ColorCS-NS:maroon_x11</dcdv:Color>
				<dcdv:Color>urn:mpeg:mpeg-v:01-SI-ColorCS-NS:maya_blue</dcdv:Color>
				<dcdv:Color>urn:mpeg:mpeg-v:01-SI-ColorCS-NS:mauve</dcdv:Color>
				<dcdv:Color>urn:mpeg:mpeg-v:01-SI-ColorCS-NS:mauve_taupe</dcdv:Color>
				<dcdv:Color>urn:mpeg:mpeg-v:01-SI-ColorCS-NS:medium_blue</dcdv:Color>
				<dcdv:Color>urn:mpeg:mpeg-v:01-SI-ColorCS-NS:medium_carmine</dcdv:Color>
				<dcdv:Color>urn:mpeg:mpeg-v:01-SI-ColorCS-NS:medium_lavender_magenta</dcdv:Color>
				<dcdv:Color>urn:mpeg:mpeg-v:01-SI-ColorCS-NS:medium_purple</dcdv:Color>
				<dcdv:Color>urn:mpeg:mpeg-v:01-SI-ColorCS-NS:medium_spring_green</dcdv:Color>
				<dcdv:Color>urn:mpeg:mpeg-v:01-SI-ColorCS-NS:midnight_blue</dcdv:Color>
				<dcdv:Color>urn:mpeg:mpeg-v:01-SI-ColorCS-NS:midnight_green_eagle_green</dcdv:Color>
				<dcdv:Color>urn:mpeg:mpeg-v:01-SI-ColorCS-NS:mint_green</dcdv:Color>
				<dcdv:Color>urn:mpeg:mpeg-v:01-SI-ColorCS-NS:misty_rose</dcdv:Color>
				<dcdv:Color>urn:mpeg:mpeg-v:01-SI-ColorCS-NS:moss_green</dcdv:Color>
				<dcdv:Color>urn:mpeg:mpeg-v:01-SI-ColorCS-NS:mountbatten_pink</dcdv:Color>
				<dcdv:Color>urn:mpeg:mpeg-v:01-SI-ColorCS-NS:mustard</dcdv:Color>
				<dcdv:Color>urn:mpeg:mpeg-v:01-SI-ColorCS-NS:myrtle</dcdv:Color>
				<dcdv:Color>urn:mpeg:mpeg-v:01-SI-ColorCS-NS:navajo_white</dcdv:Color>
				<dcdv:Color>urn:mpeg:mpeg-v:01-SI-ColorCS-NS:navy_blue</dcdv:Color>
				<dcdv:Color>urn:mpeg:mpeg-v:01-SI-ColorCS-NS:ochre</dcdv:Color>
				<dcdv:Color>urn:mpeg:mpeg-v:01-SI-ColorCS-NS:office_green</dcdv:Color>
				<dcdv:Color>urn:mpeg:mpeg-v:01-SI-ColorCS-NS:old_gold</dcdv:Color>
				<dcdv:Color>urn:mpeg:mpeg-v:01-SI-ColorCS-NS:old_lace</dcdv:Color>
				<dcdv:Color>urn:mpeg:mpeg-v:01-SI-ColorCS-NS:old_lavender</dcdv:Color>
				<dcdv:Color>urn:mpeg:mpeg-v:01-SI-ColorCS-NS:old_rose</dcdv:Color>
				<dcdv:Color>urn:mpeg:mpeg-v:01-SI-ColorCS-NS:olive</dcdv:Color>
				<dcdv:Color>urn:mpeg:mpeg-v:01-SI-ColorCS-NS:olive_drab</dcdv:Color>
				<dcdv:Color>urn:mpeg:mpeg-v:01-SI-ColorCS-NS:olivine</dcdv:Color>
				<dcdv:Color>urn:mpeg:mpeg-v:01-SI-ColorCS-NS:orange_color_wheel</dcdv:Color>
				<dcdv:Color>urn:mpeg:mpeg-v:01-SI-ColorCS-NS:orange_ryb</dcdv:Color>
				<dcdv:Color>urn:mpeg:mpeg-v:01-SI-ColorCS-NS:orange_web</dcdv:Color>
				<dcdv:Color>urn:mpeg:mpeg-v:01-SI-ColorCS-NS:orange_peel</dcdv:Color>
				<dcdv:Color>urn:mpeg:mpeg-v:01-SI-ColorCS-NS:orange-red</dcdv:Color>
				<dcdv:Color>urn:mpeg:mpeg-v:01-SI-ColorCS-NS:orchid</dcdv:Color>
				<dcdv:Color>urn:mpeg:mpeg-v:01-SI-ColorCS-NS:pale_blue</dcdv:Color>
				<dcdv:Color>urn:mpeg:mpeg-v:01-SI-ColorCS-NS:pale_brown</dcdv:Color>
				<dcdv:Color>urn:mpeg:mpeg-v:01-SI-ColorCS-NS:pale_carmine</dcdv:Color>
				<dcdv:Color>urn:mpeg:mpeg-v:01-SI-ColorCS-NS:pale_chestnut</dcdv:Color>
				<dcdv:Color>urn:mpeg:mpeg-v:01-SI-ColorCS-NS:pale_cornflower_blue</dcdv:Color>
				<dcdv:Color>urn:mpeg:mpeg-v:01-SI-ColorCS-NS:pale_magenta</dcdv:Color>
				<dcdv:Color>urn:mpeg:mpeg-v:01-SI-ColorCS-NS:pale_pink</dcdv:Color>
				<dcdv:Color>urn:mpeg:mpeg-v:01-SI-ColorCS-NS:pale_red-violet</dcdv:Color>
				<dcdv:Color>urn:mpeg:mpeg-v:01-SI-ColorCS-NS:papaya_whip</dcdv:Color>
				<dcdv:Color>urn:mpeg:mpeg-v:01-SI-ColorCS-NS:pastel_green</dcdv:Color>
				<dcdv:Color>urn:mpeg:mpeg-v:01-SI-ColorCS-NS:pastel_pink</dcdv:Color>
				<dcdv:Color>urn:mpeg:mpeg-v:01-SI-ColorCS-NS:peach</dcdv:Color>
				<dcdv:Color>urn:mpeg:mpeg-v:01-SI-ColorCS-NS:peach-orange</dcdv:Color>
				<dcdv:Color>urn:mpeg:mpeg-v:01-SI-ColorCS-NS:peach-yellow</dcdv:Color>
				<dcdv:Color>urn:mpeg:mpeg-v:01-SI-ColorCS-NS:pear</dcdv:Color>
				<dcdv:Color>urn:mpeg:mpeg-v:01-SI-ColorCS-NS:periwinkle</dcdv:Color>
				<dcdv:Color>urn:mpeg:mpeg-v:01-SI-ColorCS-NS:persian_blue</dcdv:Color>
				<dcdv:Color>urn:mpeg:mpeg-v:01-SI-ColorCS-NS:persian_green</dcdv:Color>
				<dcdv:Color>urn:mpeg:mpeg-v:01-SI-ColorCS-NS:persian_indigo</dcdv:Color>
				<dcdv:Color>urn:mpeg:mpeg-v:01-SI-ColorCS-NS:persian_orange</dcdv:Color>
				<dcdv:Color>urn:mpeg:mpeg-v:01-SI-ColorCS-NS:persian_red</dcdv:Color>
				<dcdv:Color>urn:mpeg:mpeg-v:01-SI-ColorCS-NS:persian_pink</dcdv:Color>
				<dcdv:Color>urn:mpeg:mpeg-v:01-SI-ColorCS-NS:persian_rose</dcdv:Color>
				<dcdv:Color>urn:mpeg:mpeg-v:01-SI-ColorCS-NS:persimmon</dcdv:Color>
				<dcdv:Color>urn:mpeg:mpeg-v:01-SI-ColorCS-NS:pine_green</dcdv:Color>
				<dcdv:Color>urn:mpeg:mpeg-v:01-SI-ColorCS-NS:pink</dcdv:Color>
				<dcdv:Color>urn:mpeg:mpeg-v:01-SI-ColorCS-NS:pink-orange</dcdv:Color>
				<dcdv:Color>urn:mpeg:mpeg-v:01-SI-ColorCS-NS:platinum</dcdv:Color>
				<dcdv:Color>urn:mpeg:mpeg-v:01-SI-ColorCS-NS:plum_web</dcdv:Color>
				<dcdv:Color>urn:mpeg:mpeg-v:01-SI-ColorCS-NS:powder_blue_web</dcdv:Color>
				<dcdv:Color>urn:mpeg:mpeg-v:01-SI-ColorCS-NS:puce</dcdv:Color>
				<dcdv:Color>urn:mpeg:mpeg-v:01-SI-ColorCS-NS:prussian_blue</dcdv:Color>
				<dcdv:Color>urn:mpeg:mpeg-v:01-SI-ColorCS-NS:psychedelic_purple</dcdv:Color>
				<dcdv:Color>urn:mpeg:mpeg-v:01-SI-ColorCS-NS:pumpkin</dcdv:Color>
				<dcdv:Color>urn:mpeg:mpeg-v:01-SI-ColorCS-NS:purple_html/css</dcdv:Color>
				<dcdv:Color>urn:mpeg:mpeg-v:01-SI-ColorCS-NS:purple_x11</dcdv:Color>
				<dcdv:Color>urn:mpeg:mpeg-v:01-SI-ColorCS-NS:purple_taupe</dcdv:Color>
				<dcdv:Color>urn:mpeg:mpeg-v:01-SI-ColorCS-NS:raw_umber</dcdv:Color>
				<dcdv:Color>urn:mpeg:mpeg-v:01-SI-ColorCS-NS:razzmatazz</dcdv:Color>
				<dcdv:Color>urn:mpeg:mpeg-v:01-SI-ColorCS-NS:red</dcdv:Color>
				<dcdv:Color>urn:mpeg:mpeg-v:01-SI-ColorCS-NS:red_pigment</dcdv:Color>
				<dcdv:Color>urn:mpeg:mpeg-v:01-SI-ColorCS-NS:red_ryb</dcdv:Color>
				<dcdv:Color>urn:mpeg:mpeg-v:01-SI-ColorCS-NS:red-violet</dcdv:Color>
				<dcdv:Color>urn:mpeg:mpeg-v:01-SI-ColorCS-NS:rich_carmine</dcdv:Color>
				<dcdv:Color>urn:mpeg:mpeg-v:01-SI-ColorCS-NS:robin_egg_blue</dcdv:Color>
				<dcdv:Color>urn:mpeg:mpeg-v:01-SI-ColorCS-NS:rose</dcdv:Color>
				<dcdv:Color>urn:mpeg:mpeg-v:01-SI-ColorCS-NS:rose_madder</dcdv:Color>
				<dcdv:Color>urn:mpeg:mpeg-v:01-SI-ColorCS-NS:rose_taupe</dcdv:Color>
				<dcdv:Color>urn:mpeg:mpeg-v:01-SI-ColorCS-NS:royal_blue</dcdv:Color>
				<dcdv:Color>urn:mpeg:mpeg-v:01-SI-ColorCS-NS:royal_purple</dcdv:Color>
				<dcdv:Color>urn:mpeg:mpeg-v:01-SI-ColorCS-NS:ruby</dcdv:Color>
				<dcdv:Color>urn:mpeg:mpeg-v:01-SI-ColorCS-NS:russet</dcdv:Color>
				<dcdv:Color>urn:mpeg:mpeg-v:01-SI-ColorCS-NS:rust</dcdv:Color>
				<dcdv:Color>urn:mpeg:mpeg-v:01-SI-ColorCS-NS:safety_orange_blaze_orange</dcdv:Color>
				<dcdv:Color>urn:mpeg:mpeg-v:01-SI-ColorCS-NS:saffron</dcdv:Color>
				<dcdv:Color>urn:mpeg:mpeg-v:01-SI-ColorCS-NS:salmon</dcdv:Color>
				<dcdv:Color>urn:mpeg:mpeg-v:01-SI-ColorCS-NS:sandy_brown</dcdv:Color>
				<dcdv:Color>urn:mpeg:mpeg-v:01-SI-ColorCS-NS:sangria</dcdv:Color>
				<dcdv:Color>urn:mpeg:mpeg-v:01-SI-ColorCS-NS:sapphire</dcdv:Color>
				<dcdv:Color>urn:mpeg:mpeg-v:01-SI-ColorCS-NS:scarlet</dcdv:Color>
				<dcdv:Color>urn:mpeg:mpeg-v:01-SI-ColorCS-NS:school_bus_yellow</dcdv:Color>
				<dcdv:Color>urn:mpeg:mpeg-v:01-SI-ColorCS-NS:sea_green</dcdv:Color>
				<dcdv:Color>urn:mpeg:mpeg-v:01-SI-ColorCS-NS:seashell</dcdv:Color>
				<dcdv:Color>urn:mpeg:mpeg-v:01-SI-ColorCS-NS:selective_yellow</dcdv:Color>
				<dcdv:Color>urn:mpeg:mpeg-v:01-SI-ColorCS-NS:sepia</dcdv:Color>
				<dcdv:Color>urn:mpeg:mpeg-v:01-SI-ColorCS-NS:shamrock_green</dcdv:Color>
				<dcdv:Color>urn:mpeg:mpeg-v:01-SI-ColorCS-NS:shocking_pink</dcdv:Color>
				<dcdv:Color>urn:mpeg:mpeg-v:01-SI-ColorCS-NS:silver</dcdv:Color>
				<dcdv:Color>urn:mpeg:mpeg-v:01-SI-ColorCS-NS:sky_blue</dcdv:Color>
				<dcdv:Color>urn:mpeg:mpeg-v:01-SI-ColorCS-NS:slate_grey</dcdv:Color>
				<dcdv:Color>urn:mpeg:mpeg-v:01-SI-ColorCS-NS:smalt_dark_powder_blue</dcdv:Color>
				<dcdv:Color>urn:mpeg:mpeg-v:01-SI-ColorCS-NS:spring_bud</dcdv:Color>
				<dcdv:Color>urn:mpeg:mpeg-v:01-SI-ColorCS-NS:spring_green</dcdv:Color>
				<dcdv:Color>urn:mpeg:mpeg-v:01-SI-ColorCS-NS:steel_blue</dcdv:Color>
				<dcdv:Color>urn:mpeg:mpeg-v:01-SI-ColorCS-NS:tan</dcdv:Color>
				<dcdv:Color>urn:mpeg:mpeg-v:01-SI-ColorCS-NS:tangerine</dcdv:Color>
				<dcdv:Color>urn:mpeg:mpeg-v:01-SI-ColorCS-NS:tangerine_yellow</dcdv:Color>
				<dcdv:Color>urn:mpeg:mpeg-v:01-SI-ColorCS-NS:taupe</dcdv:Color>
				<dcdv:Color>urn:mpeg:mpeg-v:01-SI-ColorCS-NS:tea_green</dcdv:Color>
				<dcdv:Color>urn:mpeg:mpeg-v:01-SI-ColorCS-NS:tea_rose_orange</dcdv:Color>
				<dcdv:Color>urn:mpeg:mpeg-v:01-SI-ColorCS-NS:tea_rose_rose</dcdv:Color>
				<dcdv:Color>urn:mpeg:mpeg-v:01-SI-ColorCS-NS:teal</dcdv:Color>
				<dcdv:Color>urn:mpeg:mpeg-v:01-SI-ColorCS-NS:tenny_tawny</dcdv:Color>
				<dcdv:Color>urn:mpeg:mpeg-v:01-SI-ColorCS-NS:terra_cotta</dcdv:Color>
				<dcdv:Color>urn:mpeg:mpeg-v:01-SI-ColorCS-NS:thistle</dcdv:Color>
				<dcdv:Color>urn:mpeg:mpeg-v:01-SI-ColorCS-NS:tomato</dcdv:Color>
				<dcdv:Color>urn:mpeg:mpeg-v:01-SI-ColorCS-NS:turquoise</dcdv:Color>
				<dcdv:Color>urn:mpeg:mpeg-v:01-SI-ColorCS-NS:tyrian_purple</dcdv:Color>
				<dcdv:Color>urn:mpeg:mpeg-v:01-SI-ColorCS-NS:ultramarine</dcdv:Color>
				<dcdv:Color>urn:mpeg:mpeg-v:01-SI-ColorCS-NS:ultra_pink</dcdv:Color>
				<dcdv:Color>urn:mpeg:mpeg-v:01-SI-ColorCS-NS:united_nations_blue</dcdv:Color>
				<dcdv:Color>urn:mpeg:mpeg-v:01-SI-ColorCS-NS:vegas_gold</dcdv:Color>
				<dcdv:Color>urn:mpeg:mpeg-v:01-SI-ColorCS-NS:vermilion</dcdv:Color>
				<dcdv:Color>urn:mpeg:mpeg-v:01-SI-ColorCS-NS:violet</dcdv:Color>
				<dcdv:Color>urn:mpeg:mpeg-v:01-SI-ColorCS-NS:violet_web</dcdv:Color>
				<dcdv:Color>urn:mpeg:mpeg-v:01-SI-ColorCS-NS:violet_ryb</dcdv:Color>
				<dcdv:Color>urn:mpeg:mpeg-v:01-SI-ColorCS-NS:viridian</dcdv:Color>
				<dcdv:Color>urn:mpeg:mpeg-v:01-SI-ColorCS-NS:wheat</dcdv:Color>
				<dcdv:Color>urn:mpeg:mpeg-v:01-SI-ColorCS-NS:white</dcdv:Color>
				<dcdv:Color>urn:mpeg:mpeg-v:01-SI-ColorCS-NS:wisteria</dcdv:Color>
				<dcdv:Color>urn:mpeg:mpeg-v:01-SI-ColorCS-NS:yellow</dcdv:Color>
				<dcdv:Color>urn:mpeg:mpeg-v:01-SI-ColorCS-NS:yellow_process</dcdv:Color>
				<dcdv:Color>urn:mpeg:mpeg-v:01-SI-ColorCS-NS:yellow_ryb</dcdv:Color>
				<dcdv:Color>urn:mpeg:mpeg-v:01-SI-ColorCS-NS:yellow-green</dcdv:Color>
		</cidl:SensoryDeviceCapability>
		
		<cidl:SensoryDeviceCapability xsi:type="dcdv:WindCapabilityType" 
			id="fan01" zerothOrderDelayTime="100" firstOrderDelayTime="500"
			maxWindSpeed="255" numOfLevels="255" locator="urn:mpeg:mpeg-v:01-SI-LocationCS-NS:left"/>
		
		<cidl:SensoryDeviceCapability xsi:type="dcdv:WindCapabilityType" 
			id="fan02" zerothOrderDelayTime="100" firstOrderDelayTime="500"
			maxWindSpeed="255" numOfLevels="255" locator="urn:mpeg:mpeg-v:01-SI-LocationCS-NS:right"/>
		
		<cidl:SensoryDeviceCapability xsi:type="dcdv:VibrationCapabilityType" 
			id="vib01" zerothOrderDelayTime="100" firstOrderDelayTime="100"
			maxIntensity="255" numOfLevels="255" locator="urn:mpeg:mpeg-v:01-SI-LocationCS-NS:left"/>
			
		<cidl:SensoryDeviceCapability xsi:type="dcdv:VibrationCapabilityType" 
			id="vib02" zerothOrderDelayTime="100" firstOrderDelayTime="100"
			maxIntensity="255" numOfLevels="255" locator="urn:mpeg:mpeg-v:01-SI-LocationCS-NS:right"/>